Handle,Title,Body (HTML),Vendor,Type,Tags,Published,Option1 Name,Option1 Value,Variant SKU,Variant Inventory Tracker,Variant Inventory Qty,Variant Inventory Policy,Variant Fulfillment Service,Variant Price,Variant Requires Shipping,Variant Taxable,Image Src,Image Position,Image Alt Text,Status,Numero da edicao (product.metafields.custom.numero_da_edicao),Lenda da caveira (product.metafields.custom.lenda)
kultu-001,KULTU N.º 001,"<p><em>Cada caveira é uma obra de arte. Cada garrafa, um brinde à vida. Absinto de edição limitada, assinado por Shazequin.</em></p><p>Esta garrafa não saiu de uma linha de produção — saiu das mãos de Shazequin.</p><p>Inspirada no Día de Los Muertos, a caveira Kultu não celebra a morte: celebra a memória, a alegria e a vida que continua. Cada peça é pintada individualmente à mão, com técnica mista — acrílico, esmalte, óleo e spray, contorno de silicone e uma seleção própria de acessórios — o que garante que a sua garrafa é, literalmente, a única no mundo com aquele rosto.</p><p>Numerada manualmente, esta é uma edição limitada e exclusiva. Não haverá reedição. Quando esta tiragem acabar, acaba mesmo — e a sua garrafa passa a ser, também ela, uma peça de coleção.</p><p><em>Autêntica e única. Como você.</em></p><h3>Ficha técnica</h3><ul><li>Tipo de bebida: Absinto</li><li>Volume: 70 cl</li><li>Grau alcoólico: 80%</li><li>Edição: Limitada — numerada à mão</li><li>Técnica da garrafa: Acrílico, esmalte, óleo, spray, silicone</li><li>Artista: Shazequin</li></ul><p><strong>Confirmação de idade obrigatória antes da compra. Venda proibida a menores de 18 anos. Consuma com responsabilidade.</strong></p>",KULTU by Shazequin,Absinto,"kultu, absinto, edição limitada, peça única, pintado à mão",FALSE,Title,Default Title,KULTU-001,shopify,1,deny,manual,0.00,TRUE,TRUE,https://raw.githubusercontent.com/antonio-p-sousa/expand/main/assets/produtos/kultu-001.jpg,1,"Garrafa KULTU by Shazequin N.º 1 — absinto de edição limitada, caveira pintada à mão",draft,1,"[LENDA — texto próprio desta caveira, opcional]"
kultu-002,KULTU N.º 002,"<p><em>Cada caveira é uma obra de arte. Cada garrafa, um brinde à vida. Absinto de edição limitada, assinado por Shazequin.</em></p><p>Esta garrafa não saiu de uma linha de produção — saiu das mãos de Shazequin.</p><p>Inspirada no Día de Los Muertos, a caveira Kultu não celebra a morte: celebra a memória, a alegria e a vida que continua. Cada peça é pintada individualmente à mão, com técnica mista — acrílico, esmalte, óleo e spray, contorno de silicone e uma seleção própria de acessórios — o que garante que a sua garrafa é, literalmente, a única no mundo com aquele rosto.</p><p>Numerada manualmente, esta é uma edição limitada e exclusiva. Não haverá reedição. Quando esta tiragem acabar, acaba mesmo — e a sua garrafa passa a ser, também ela, uma peça de coleção.</p><p><em>Autêntica e única. Como você.</em></p><h3>Ficha técnica</h3><ul><li>Tipo de bebida: Absinto</li><li>Volume: 70 cl</li><li>Grau alcoólico: 80%</li><li>Edição: Limitada — numerada à mão</li><li>Técnica da garrafa: Acrílico, esmalte, óleo, spray, silicone</li><li>Artista: Shazequin</li></ul><p><strong>Confirmação de idade obrigatória antes da compra. Venda proibida a menores de 18 anos. Consuma com responsabilidade.</strong></p>",KULTU by Shazequin,Absinto,"kultu, absinto, edição limitada, peça única, pintado à mão",FALSE,Title,Default Title,KULTU-002,shopify,1,deny,manual,0.00,TRUE,TRUE,https://raw.githubusercontent.com/antonio-p-sousa/expand/main/assets/produtos/kultu-002.jpg,1,"Garrafa KULTU by Shazequin N.º 2 — absinto de edição limitada, caveira pintada à mão",draft,2,"[LENDA — texto próprio desta caveira, opcional]"
kultu-003,KULTU N.º 003,"<p><em>Cada caveira é uma obra de arte. Cada garrafa, um brinde à vida. Absinto de edição limitada, assinado por Shazequin.</em></p><p>Esta garrafa não saiu de uma linha de produção — saiu das mãos de Shazequin.</p><p>Inspirada no Día de Los Muertos, a caveira Kultu não celebra a morte: celebra a memória, a alegria e a vida que continua. Cada peça é pintada individualmente à mão, com técnica mista — acrílico, esmalte, óleo e spray, contorno de silicone e uma seleção própria de acessórios — o que garante que a sua garrafa é, literalmente, a única no mundo com aquele rosto.</p><p>Numerada manualmente, esta é uma edição limitada e exclusiva. Não haverá reedição. Quando esta tiragem acabar, acaba mesmo — e a sua garrafa passa a ser, também ela, uma peça de coleção.</p><p><em>Autêntica e única. Como você.</em></p><h3>Ficha técnica</h3><ul><li>Tipo de bebida: Absinto</li><li>Volume: 70 cl</li><li>Grau alcoólico: 80%</li><li>Edição: Limitada — numerada à mão</li><li>Técnica da garrafa: Acrílico, esmalte, óleo, spray, silicone</li><li>Artista: Shazequin</li></ul><p><strong>Confirmação de idade obrigatória antes da compra. Venda proibida a menores de 18 anos. Consuma com responsabilidade.</strong></p>",KULTU by Shazequin,Absinto,"kultu, absinto, edição limitada, peça única, pintado à mão",FALSE,Title,Default Title,KULTU-003,shopify,1,deny,manual,0.00,TRUE,TRUE,https://raw.githubusercontent.com/antonio-p-sousa/expand/main/assets/produtos/kultu-003.jpg,1,"Garrafa KULTU by Shazequin N.º 3 — absinto de edição limitada, caveira pintada à mão",draft,3,"[LENDA — texto próprio desta caveira, opcional]"
kultu-004,KULTU N.º 004,"<p><em>Cada caveira é uma obra de arte. Cada garrafa, um brinde à vida. Absinto de edição limitada, assinado por Shazequin.</em></p><p>Esta garrafa não saiu de uma linha de produção — saiu das mãos de Shazequin.</p><p>Inspirada no Día de Los Muertos, a caveira Kultu não celebra a morte: celebra a memória, a alegria e a vida que continua. Cada peça é pintada individualmente à mão, com técnica mista — acrílico, esmalte, óleo e spray, contorno de silicone e uma seleção própria de acessórios — o que garante que a sua garrafa é, literalmente, a única no mundo com aquele rosto.</p><p>Numerada manualmente, esta é uma edição limitada e exclusiva. Não haverá reedição. Quando esta tiragem acabar, acaba mesmo — e a sua garrafa passa a ser, também ela, uma peça de coleção.</p><p><em>Autêntica e única. Como você.</em></p><h3>Ficha técnica</h3><ul><li>Tipo de bebida: Absinto</li><li>Volume: 70 cl</li><li>Grau alcoólico: 80%</li><li>Edição: Limitada — numerada à mão</li><li>Técnica da garrafa: Acrílico, esmalte, óleo, spray, silicone</li><li>Artista: Shazequin</li></ul><p><strong>Confirmação de idade obrigatória antes da compra. Venda proibida a menores de 18 anos. Consuma com responsabilidade.</strong></p>",KULTU by Shazequin,Absinto,"kultu, absinto, edição limitada, peça única, pintado à mão",FALSE,Title,Default Title,KULTU-004,shopify,1,deny,manual,0.00,TRUE,TRUE,https://raw.githubusercontent.com/antonio-p-sousa/expand/main/assets/produtos/kultu-004.jpg,1,"Garrafa KULTU by Shazequin N.º 4 — absinto de edição limitada, caveira pintada à mão",draft,4,"[LENDA — texto próprio desta caveira, opcional]"
kultu-005,KULTU N.º 005,"<p><em>Cada caveira é uma obra de arte. Cada garrafa, um brinde à vida. Absinto de edição limitada, assinado por Shazequin.</em></p><p>Esta garrafa não saiu de uma linha de produção — saiu das mãos de Shazequin.</p><p>Inspirada no Día de Los Muertos, a caveira Kultu não celebra a morte: celebra a memória, a alegria e a vida que continua. Cada peça é pintada individualmente à mão, com técnica mista — acrílico, esmalte, óleo e spray, contorno de silicone e uma seleção própria de acessórios — o que garante que a sua garrafa é, literalmente, a única no mundo com aquele rosto.</p><p>Numerada manualmente, esta é uma edição limitada e exclusiva. Não haverá reedição. Quando esta tiragem acabar, acaba mesmo — e a sua garrafa passa a ser, também ela, uma peça de coleção.</p><p><em>Autêntica e única. Como você.</em></p><h3>Ficha técnica</h3><ul><li>Tipo de bebida: Absinto</li><li>Volume: 70 cl</li><li>Grau alcoólico: 80%</li><li>Edição: Limitada — numerada à mão</li><li>Técnica da garrafa: Acrílico, esmalte, óleo, spray, silicone</li><li>Artista: Shazequin</li></ul><p><strong>Confirmação de idade obrigatória antes da compra. Venda proibida a menores de 18 anos. Consuma com responsabilidade.</strong></p>",KULTU by Shazequin,Absinto,"kultu, absinto, edição limitada, peça única, pintado à mão",FALSE,Title,Default Title,KULTU-005,shopify,1,deny,manual,0.00,TRUE,TRUE,https://raw.githubusercontent.com/antonio-p-sousa/expand/main/assets/produtos/kultu-005.jpg,1,"Garrafa KULTU by Shazequin N.º 5 — absinto de edição limitada, caveira pintada à mão",draft,5,"[LENDA — texto próprio desta caveira, opcional]"
kultu-006,KULTU N.º 006,"<p><em>Cada caveira é uma obra de arte. Cada garrafa, um brinde à vida. Absinto de edição limitada, assinado por Shazequin.</em></p><p>Esta garrafa não saiu de uma linha de produção — saiu das mãos de Shazequin.</p><p>Inspirada no Día de Los Muertos, a caveira Kultu não celebra a morte: celebra a memória, a alegria e a vida que continua. Cada peça é pintada individualmente à mão, com técnica mista — acrílico, esmalte, óleo e spray, contorno de silicone e uma seleção própria de acessórios — o que garante que a sua garrafa é, literalmente, a única no mundo com aquele rosto.</p><p>Numerada manualmente, esta é uma edição limitada e exclusiva. Não haverá reedição. Quando esta tiragem acabar, acaba mesmo — e a sua garrafa passa a ser, também ela, uma peça de coleção.</p><p><em>Autêntica e única. Como você.</em></p><h3>Ficha técnica</h3><ul><li>Tipo de bebida: Absinto</li><li>Volume: 70 cl</li><li>Grau alcoólico: 80%</li><li>Edição: Limitada — numerada à mão</li><li>Técnica da garrafa: Acrílico, esmalte, óleo, spray, silicone</li><li>Artista: Shazequin</li></ul><p><strong>Confirmação de idade obrigatória antes da compra. Venda proibida a menores de 18 anos. Consuma com responsabilidade.</strong></p>",KULTU by Shazequin,Absinto,"kultu, absinto, edição limitada, peça única, pintado à mão",FALSE,Title,Default Title,KULTU-006,shopify,1,deny,manual,0.00,TRUE,TRUE,https://raw.githubusercontent.com/antonio-p-sousa/expand/main/assets/produtos/kultu-006.jpg,1,"Garrafa KULTU by Shazequin N.º 6 — absinto de edição limitada, caveira pintada à mão",draft,6,"[LENDA — texto próprio desta caveira, opcional]"
kultu-007,KULTU N.º 007,"<p><em>Cada caveira é uma obra de arte. Cada garrafa, um brinde à vida. Absinto de edição limitada, assinado por Shazequin.</em></p><p>Esta garrafa não saiu de uma linha de produção — saiu das mãos de Shazequin.</p><p>Inspirada no Día de Los Muertos, a caveira Kultu não celebra a morte: celebra a memória, a alegria e a vida que continua. Cada peça é pintada individualmente à mão, com técnica mista — acrílico, esmalte, óleo e spray, contorno de silicone e uma seleção própria de acessórios — o que garante que a sua garrafa é, literalmente, a única no mundo com aquele rosto.</p><p>Numerada manualmente, esta é uma edição limitada e exclusiva. Não haverá reedição. Quando esta tiragem acabar, acaba mesmo — e a sua garrafa passa a ser, também ela, uma peça de coleção.</p><p><em>Autêntica e única. Como você.</em></p><h3>Ficha técnica</h3><ul><li>Tipo de bebida: Absinto</li><li>Volume: 70 cl</li><li>Grau alcoólico: 80%</li><li>Edição: Limitada — numerada à mão</li><li>Técnica da garrafa: Acrílico, esmalte, óleo, spray, silicone</li><li>Artista: Shazequin</li></ul><p><strong>Confirmação de idade obrigatória antes da compra. Venda proibida a menores de 18 anos. Consuma com responsabilidade.</strong></p>",KULTU by Shazequin,Absinto,"kultu, absinto, edição limitada, peça única, pintado à mão",FALSE,Title,Default Title,KULTU-007,shopify,1,deny,manual,0.00,TRUE,TRUE,https://raw.githubusercontent.com/antonio-p-sousa/expand/main/assets/produtos/kultu-007.jpg,1,"Garrafa KULTU by Shazequin N.º 7 — absinto de edição limitada, caveira pintada à mão",draft,7,"[LENDA — texto próprio desta caveira, opcional]"
kultu-008,KULTU N.º 008,"<p><em>Cada caveira é uma obra de arte. Cada garrafa, um brinde à vida. Absinto de edição limitada, assinado por Shazequin.</em></p><p>Esta garrafa não saiu de uma linha de produção — saiu das mãos de Shazequin.</p><p>Inspirada no Día de Los Muertos, a caveira Kultu não celebra a morte: celebra a memória, a alegria e a vida que continua. Cada peça é pintada individualmente à mão, com técnica mista — acrílico, esmalte, óleo e spray, contorno de silicone e uma seleção própria de acessórios — o que garante que a sua garrafa é, literalmente, a única no mundo com aquele rosto.</p><p>Numerada manualmente, esta é uma edição limitada e exclusiva. Não haverá reedição. Quando esta tiragem acabar, acaba mesmo — e a sua garrafa passa a ser, também ela, uma peça de coleção.</p><p><em>Autêntica e única. Como você.</em></p><h3>Ficha técnica</h3><ul><li>Tipo de bebida: Absinto</li><li>Volume: 70 cl</li><li>Grau alcoólico: 80%</li><li>Edição: Limitada — numerada à mão</li><li>Técnica da garrafa: Acrílico, esmalte, óleo, spray, silicone</li><li>Artista: Shazequin</li></ul><p><strong>Confirmação de idade obrigatória antes da compra. Venda proibida a menores de 18 anos. Consuma com responsabilidade.</strong></p>",KULTU by Shazequin,Absinto,"kultu, absinto, edição limitada, peça única, pintado à mão",FALSE,Title,Default Title,KULTU-008,shopify,1,deny,manual,0.00,TRUE,TRUE,https://raw.githubusercontent.com/antonio-p-sousa/expand/main/assets/produtos/kultu-008.jpg,1,"Garrafa KULTU by Shazequin N.º 8 — absinto de edição limitada, caveira pintada à mão",draft,8,"[LENDA — texto próprio desta caveira, opcional]"
kultu-009,KULTU N.º 009,"<p><em>Cada caveira é uma obra de arte. Cada garrafa, um brinde à vida. Absinto de edição limitada, assinado por Shazequin.</em></p><p>Esta garrafa não saiu de uma linha de produção — saiu das mãos de Shazequin.</p><p>Inspirada no Día de Los Muertos, a caveira Kultu não celebra a morte: celebra a memória, a alegria e a vida que continua. Cada peça é pintada individualmente à mão, com técnica mista — acrílico, esmalte, óleo e spray, contorno de silicone e uma seleção própria de acessórios — o que garante que a sua garrafa é, literalmente, a única no mundo com aquele rosto.</p><p>Numerada manualmente, esta é uma edição limitada e exclusiva. Não haverá reedição. Quando esta tiragem acabar, acaba mesmo — e a sua garrafa passa a ser, também ela, uma peça de coleção.</p><p><em>Autêntica e única. Como você.</em></p><h3>Ficha técnica</h3><ul><li>Tipo de bebida: Absinto</li><li>Volume: 70 cl</li><li>Grau alcoólico: 80%</li><li>Edição: Limitada — numerada à mão</li><li>Técnica da garrafa: Acrílico, esmalte, óleo, spray, silicone</li><li>Artista: Shazequin</li></ul><p><strong>Confirmação de idade obrigatória antes da compra. Venda proibida a menores de 18 anos. Consuma com responsabilidade.</strong></p>",KULTU by Shazequin,Absinto,"kultu, absinto, edição limitada, peça única, pintado à mão",FALSE,Title,Default Title,KULTU-009,shopify,1,deny,manual,0.00,TRUE,TRUE,https://raw.githubusercontent.com/antonio-p-sousa/expand/main/assets/produtos/kultu-009.jpg,1,"Garrafa KULTU by Shazequin N.º 9 — absinto de edição limitada, caveira pintada à mão",draft,9,"[LENDA — texto próprio desta caveira, opcional]"
kultu-010,KULTU N.º 010,"<p><em>Cada caveira é uma obra de arte. Cada garrafa, um brinde à vida. Absinto de edição limitada, assinado por Shazequin.</em></p><p>Esta garrafa não saiu de uma linha de produção — saiu das mãos de Shazequin.</p><p>Inspirada no Día de Los Muertos, a caveira Kultu não celebra a morte: celebra a memória, a alegria e a vida que continua. Cada peça é pintada individualmente à mão, com técnica mista — acrílico, esmalte, óleo e spray, contorno de silicone e uma seleção própria de acessórios — o que garante que a sua garrafa é, literalmente, a única no mundo com aquele rosto.</p><p>Numerada manualmente, esta é uma edição limitada e exclusiva. Não haverá reedição. Quando esta tiragem acabar, acaba mesmo — e a sua garrafa passa a ser, também ela, uma peça de coleção.</p><p><em>Autêntica e única. Como você.</em></p><h3>Ficha técnica</h3><ul><li>Tipo de bebida: Absinto</li><li>Volume: 70 cl</li><li>Grau alcoólico: 80%</li><li>Edição: Limitada — numerada à mão</li><li>Técnica da garrafa: Acrílico, esmalte, óleo, spray, silicone</li><li>Artista: Shazequin</li></ul><p><strong>Confirmação de idade obrigatória antes da compra. Venda proibida a menores de 18 anos. Consuma com responsabilidade.</strong></p>",KULTU by Shazequin,Absinto,"kultu, absinto, edição limitada, peça única, pintado à mão",FALSE,Title,Default Title,KULTU-010,shopify,1,deny,manual,0.00,TRUE,TRUE,https://raw.githubusercontent.com/antonio-p-sousa/expand/main/assets/produtos/kultu-010.jpg,1,"Garrafa KULTU by Shazequin N.º 10 — absinto de edição limitada, caveira pintada à mão",draft,10,"[LENDA — texto próprio desta caveira, opcional]"
kultu-011,KULTU N.º 011,"<p><em>Cada caveira é uma obra de arte. Cada garrafa, um brinde à vida. Absinto de edição limitada, assinado por Shazequin.</em></p><p>Esta garrafa não saiu de uma linha de produção — saiu das mãos de Shazequin.</p><p>Inspirada no Día de Los Muertos, a caveira Kultu não celebra a morte: celebra a memória, a alegria e a vida que continua. Cada peça é pintada individualmente à mão, com técnica mista — acrílico, esmalte, óleo e spray, contorno de silicone e uma seleção própria de acessórios — o que garante que a sua garrafa é, literalmente, a única no mundo com aquele rosto.</p><p>Numerada manualmente, esta é uma edição limitada e exclusiva. Não haverá reedição. Quando esta tiragem acabar, acaba mesmo — e a sua garrafa passa a ser, também ela, uma peça de coleção.</p><p><em>Autêntica e única. Como você.</em></p><h3>Ficha técnica</h3><ul><li>Tipo de bebida: Absinto</li><li>Volume: 70 cl</li><li>Grau alcoólico: 80%</li><li>Edição: Limitada — numerada à mão</li><li>Técnica da garrafa: Acrílico, esmalte, óleo, spray, silicone</li><li>Artista: Shazequin</li></ul><p><strong>Confirmação de idade obrigatória antes da compra. Venda proibida a menores de 18 anos. Consuma com responsabilidade.</strong></p>",KULTU by Shazequin,Absinto,"kultu, absinto, edição limitada, peça única, pintado à mão",FALSE,Title,Default Title,KULTU-011,shopify,1,deny,manual,0.00,TRUE,TRUE,https://raw.githubusercontent.com/antonio-p-sousa/expand/main/assets/produtos/kultu-011.jpg,1,"Garrafa KULTU by Shazequin N.º 11 — absinto de edição limitada, caveira pintada à mão",draft,11,"[LENDA — texto próprio desta caveira, opcional]"
kultu-012,KULTU N.º 012,"<p><em>Cada caveira é uma obra de arte. Cada garrafa, um brinde à vida. Absinto de edição limitada, assinado por Shazequin.</em></p><p>Esta garrafa não saiu de uma linha de produção — saiu das mãos de Shazequin.</p><p>Inspirada no Día de Los Muertos, a caveira Kultu não celebra a morte: celebra a memória, a alegria e a vida que continua. Cada peça é pintada individualmente à mão, com técnica mista — acrílico, esmalte, óleo e spray, contorno de silicone e uma seleção própria de acessórios — o que garante que a sua garrafa é, literalmente, a única no mundo com aquele rosto.</p><p>Numerada manualmente, esta é uma edição limitada e exclusiva. Não haverá reedição. Quando esta tiragem acabar, acaba mesmo — e a sua garrafa passa a ser, também ela, uma peça de coleção.</p><p><em>Autêntica e única. Como você.</em></p><h3>Ficha técnica</h3><ul><li>Tipo de bebida: Absinto</li><li>Volume: 70 cl</li><li>Grau alcoólico: 80%</li><li>Edição: Limitada — numerada à mão</li><li>Técnica da garrafa: Acrílico, esmalte, óleo, spray, silicone</li><li>Artista: Shazequin</li></ul><p><strong>Confirmação de idade obrigatória antes da compra. Venda proibida a menores de 18 anos. Consuma com responsabilidade.</strong></p>",KULTU by Shazequin,Absinto,"kultu, absinto, edição limitada, peça única, pintado à mão",FALSE,Title,Default Title,KULTU-012,shopify,1,deny,manual,0.00,TRUE,TRUE,https://raw.githubusercontent.com/antonio-p-sousa/expand/main/assets/produtos/kultu-012.jpg,1,"Garrafa KULTU by Shazequin N.º 12 — absinto de edição limitada, caveira pintada à mão",draft,12,"[LENDA — texto próprio desta caveira, opcional]"
kultu-013,KULTU N.º 013,"<p><em>Cada caveira é uma obra de arte. Cada garrafa, um brinde à vida. Absinto de edição limitada, assinado por Shazequin.</em></p><p>Esta garrafa não saiu de uma linha de produção — saiu das mãos de Shazequin.</p><p>Inspirada no Día de Los Muertos, a caveira Kultu não celebra a morte: celebra a memória, a alegria e a vida que continua. Cada peça é pintada individualmente à mão, com técnica mista — acrílico, esmalte, óleo e spray, contorno de silicone e uma seleção própria de acessórios — o que garante que a sua garrafa é, literalmente, a única no mundo com aquele rosto.</p><p>Numerada manualmente, esta é uma edição limitada e exclusiva. Não haverá reedição. Quando esta tiragem acabar, acaba mesmo — e a sua garrafa passa a ser, também ela, uma peça de coleção.</p><p><em>Autêntica e única. Como você.</em></p><h3>Ficha técnica</h3><ul><li>Tipo de bebida: Absinto</li><li>Volume: 70 cl</li><li>Grau alcoólico: 80%</li><li>Edição: Limitada — numerada à mão</li><li>Técnica da garrafa: Acrílico, esmalte, óleo, spray, silicone</li><li>Artista: Shazequin</li></ul><p><strong>Confirmação de idade obrigatória antes da compra. Venda proibida a menores de 18 anos. Consuma com responsabilidade.</strong></p>",KULTU by Shazequin,Absinto,"kultu, absinto, edição limitada, peça única, pintado à mão",FALSE,Title,Default Title,KULTU-013,shopify,1,deny,manual,0.00,TRUE,TRUE,https://raw.githubusercontent.com/antonio-p-sousa/expand/main/assets/produtos/kultu-013.jpg,1,"Garrafa KULTU by Shazequin N.º 13 — absinto de edição limitada, caveira pintada à mão",draft,13,"[LENDA — texto próprio desta caveira, opcional]"
kultu-014,KULTU N.º 014,"<p><em>Cada caveira é uma obra de arte. Cada garrafa, um brinde à vida. Absinto de edição limitada, assinado por Shazequin.</em></p><p>Esta garrafa não saiu de uma linha de produção — saiu das mãos de Shazequin.</p><p>Inspirada no Día de Los Muertos, a caveira Kultu não celebra a morte: celebra a memória, a alegria e a vida que continua. Cada peça é pintada individualmente à mão, com técnica mista — acrílico, esmalte, óleo e spray, contorno de silicone e uma seleção própria de acessórios — o que garante que a sua garrafa é, literalmente, a única no mundo com aquele rosto.</p><p>Numerada manualmente, esta é uma edição limitada e exclusiva. Não haverá reedição. Quando esta tiragem acabar, acaba mesmo — e a sua garrafa passa a ser, também ela, uma peça de coleção.</p><p><em>Autêntica e única. Como você.</em></p><h3>Ficha técnica</h3><ul><li>Tipo de bebida: Absinto</li><li>Volume: 70 cl</li><li>Grau alcoólico: 80%</li><li>Edição: Limitada — numerada à mão</li><li>Técnica da garrafa: Acrílico, esmalte, óleo, spray, silicone</li><li>Artista: Shazequin</li></ul><p><strong>Confirmação de idade obrigatória antes da compra. Venda proibida a menores de 18 anos. Consuma com responsabilidade.</strong></p>",KULTU by Shazequin,Absinto,"kultu, absinto, edição limitada, peça única, pintado à mão",FALSE,Title,Default Title,KULTU-014,shopify,1,deny,manual,0.00,TRUE,TRUE,https://raw.githubusercontent.com/antonio-p-sousa/expand/main/assets/produtos/kultu-014.jpg,1,"Garrafa KULTU by Shazequin N.º 14 — absinto de edição limitada, caveira pintada à mão",draft,14,"[LENDA — texto próprio desta caveira, opcional]"
kultu-015,KULTU N.º 015,"<p><em>Cada caveira é uma obra de arte. Cada garrafa, um brinde à vida. Absinto de edição limitada, assinado por Shazequin.</em></p><p>Esta garrafa não saiu de uma linha de produção — saiu das mãos de Shazequin.</p><p>Inspirada no Día de Los Muertos, a caveira Kultu não celebra a morte: celebra a memória, a alegria e a vida que continua. Cada peça é pintada individualmente à mão, com técnica mista — acrílico, esmalte, óleo e spray, contorno de silicone e uma seleção própria de acessórios — o que garante que a sua garrafa é, literalmente, a única no mundo com aquele rosto.</p><p>Numerada manualmente, esta é uma edição limitada e exclusiva. Não haverá reedição. Quando esta tiragem acabar, acaba mesmo — e a sua garrafa passa a ser, também ela, uma peça de coleção.</p><p><em>Autêntica e única. Como você.</em></p><h3>Ficha técnica</h3><ul><li>Tipo de bebida: Absinto</li><li>Volume: 70 cl</li><li>Grau alcoólico: 80%</li><li>Edição: Limitada — numerada à mão</li><li>Técnica da garrafa: Acrílico, esmalte, óleo, spray, silicone</li><li>Artista: Shazequin</li></ul><p><strong>Confirmação de idade obrigatória antes da compra. Venda proibida a menores de 18 anos. Consuma com responsabilidade.</strong></p>",KULTU by Shazequin,Absinto,"kultu, absinto, edição limitada, peça única, pintado à mão",FALSE,Title,Default Title,KULTU-015,shopify,1,deny,manual,0.00,TRUE,TRUE,https://raw.githubusercontent.com/antonio-p-sousa/expand/main/assets/produtos/kultu-015.jpg,1,"Garrafa KULTU by Shazequin N.º 15 — absinto de edição limitada, caveira pintada à mão",draft,15,"[LENDA — texto próprio desta caveira, opcional]"
kultu-016,KULTU N.º 016,"<p><em>Cada caveira é uma obra de arte. Cada garrafa, um brinde à vida. Absinto de edição limitada, assinado por Shazequin.</em></p><p>Esta garrafa não saiu de uma linha de produção — saiu das mãos de Shazequin.</p><p>Inspirada no Día de Los Muertos, a caveira Kultu não celebra a morte: celebra a memória, a alegria e a vida que continua. Cada peça é pintada individualmente à mão, com técnica mista — acrílico, esmalte, óleo e spray, contorno de silicone e uma seleção própria de acessórios — o que garante que a sua garrafa é, literalmente, a única no mundo com aquele rosto.</p><p>Numerada manualmente, esta é uma edição limitada e exclusiva. Não haverá reedição. Quando esta tiragem acabar, acaba mesmo — e a sua garrafa passa a ser, também ela, uma peça de coleção.</p><p><em>Autêntica e única. Como você.</em></p><h3>Ficha técnica</h3><ul><li>Tipo de bebida: Absinto</li><li>Volume: 70 cl</li><li>Grau alcoólico: 80%</li><li>Edição: Limitada — numerada à mão</li><li>Técnica da garrafa: Acrílico, esmalte, óleo, spray, silicone</li><li>Artista: Shazequin</li></ul><p><strong>Confirmação de idade obrigatória antes da compra. Venda proibida a menores de 18 anos. Consuma com responsabilidade.</strong></p>",KULTU by Shazequin,Absinto,"kultu, absinto, edição limitada, peça única, pintado à mão",FALSE,Title,Default Title,KULTU-016,shopify,1,deny,manual,0.00,TRUE,TRUE,https://raw.githubusercontent.com/antonio-p-sousa/expand/main/assets/produtos/kultu-016.jpg,1,"Garrafa KULTU by Shazequin N.º 16 — absinto de edição limitada, caveira pintada à mão",draft,16,"[LENDA — texto próprio desta caveira, opcional]"
kultu-017,KULTU N.º 017,"<p><em>Cada caveira é uma obra de arte. Cada garrafa, um brinde à vida. Absinto de edição limitada, assinado por Shazequin.</em></p><p>Esta garrafa não saiu de uma linha de produção — saiu das mãos de Shazequin.</p><p>Inspirada no Día de Los Muertos, a caveira Kultu não celebra a morte: celebra a memória, a alegria e a vida que continua. Cada peça é pintada individualmente à mão, com técnica mista — acrílico, esmalte, óleo e spray, contorno de silicone e uma seleção própria de acessórios — o que garante que a sua garrafa é, literalmente, a única no mundo com aquele rosto.</p><p>Numerada manualmente, esta é uma edição limitada e exclusiva. Não haverá reedição. Quando esta tiragem acabar, acaba mesmo — e a sua garrafa passa a ser, também ela, uma peça de coleção.</p><p><em>Autêntica e única. Como você.</em></p><h3>Ficha técnica</h3><ul><li>Tipo de bebida: Absinto</li><li>Volume: 70 cl</li><li>Grau alcoólico: 80%</li><li>Edição: Limitada — numerada à mão</li><li>Técnica da garrafa: Acrílico, esmalte, óleo, spray, silicone</li><li>Artista: Shazequin</li></ul><p><strong>Confirmação de idade obrigatória antes da compra. Venda proibida a menores de 18 anos. Consuma com responsabilidade.</strong></p>",KULTU by Shazequin,Absinto,"kultu, absinto, edição limitada, peça única, pintado à mão",FALSE,Title,Default Title,KULTU-017,shopify,1,deny,manual,0.00,TRUE,TRUE,https://raw.githubusercontent.com/antonio-p-sousa/expand/main/assets/produtos/kultu-017.jpg,1,"Garrafa KULTU by Shazequin N.º 17 — absinto de edição limitada, caveira pintada à mão",draft,17,"[LENDA — texto próprio desta caveira, opcional]"
kultu-018,KULTU N.º 018,"<p><em>Cada caveira é uma obra de arte. Cada garrafa, um brinde à vida. Absinto de edição limitada, assinado por Shazequin.</em></p><p>Esta garrafa não saiu de uma linha de produção — saiu das mãos de Shazequin.</p><p>Inspirada no Día de Los Muertos, a caveira Kultu não celebra a morte: celebra a memória, a alegria e a vida que continua. Cada peça é pintada individualmente à mão, com técnica mista — acrílico, esmalte, óleo e spray, contorno de silicone e uma seleção própria de acessórios — o que garante que a sua garrafa é, literalmente, a única no mundo com aquele rosto.</p><p>Numerada manualmente, esta é uma edição limitada e exclusiva. Não haverá reedição. Quando esta tiragem acabar, acaba mesmo — e a sua garrafa passa a ser, também ela, uma peça de coleção.</p><p><em>Autêntica e única. Como você.</em></p><h3>Ficha técnica</h3><ul><li>Tipo de bebida: Absinto</li><li>Volume: 70 cl</li><li>Grau alcoólico: 80%</li><li>Edição: Limitada — numerada à mão</li><li>Técnica da garrafa: Acrílico, esmalte, óleo, spray, silicone</li><li>Artista: Shazequin</li></ul><p><strong>Confirmação de idade obrigatória antes da compra. Venda proibida a menores de 18 anos. Consuma com responsabilidade.</strong></p>",KULTU by Shazequin,Absinto,"kultu, absinto, edição limitada, peça única, pintado à mão",FALSE,Title,Default Title,KULTU-018,shopify,1,deny,manual,0.00,TRUE,TRUE,https://raw.githubusercontent.com/antonio-p-sousa/expand/main/assets/produtos/kultu-018.jpg,1,"Garrafa KULTU by Shazequin N.º 18 — absinto de edição limitada, caveira pintada à mão",draft,18,"[LENDA — texto próprio desta caveira, opcional]"
kultu-019,KULTU N.º 019,"<p><em>Cada caveira é uma obra de arte. Cada garrafa, um brinde à vida. Absinto de edição limitada, assinado por Shazequin.</em></p><p>Esta garrafa não saiu de uma linha de produção — saiu das mãos de Shazequin.</p><p>Inspirada no Día de Los Muertos, a caveira Kultu não celebra a morte: celebra a memória, a alegria e a vida que continua. Cada peça é pintada individualmente à mão, com técnica mista — acrílico, esmalte, óleo e spray, contorno de silicone e uma seleção própria de acessórios — o que garante que a sua garrafa é, literalmente, a única no mundo com aquele rosto.</p><p>Numerada manualmente, esta é uma edição limitada e exclusiva. Não haverá reedição. Quando esta tiragem acabar, acaba mesmo — e a sua garrafa passa a ser, também ela, uma peça de coleção.</p><p><em>Autêntica e única. Como você.</em></p><h3>Ficha técnica</h3><ul><li>Tipo de bebida: Absinto</li><li>Volume: 70 cl</li><li>Grau alcoólico: 80%</li><li>Edição: Limitada — numerada à mão</li><li>Técnica da garrafa: Acrílico, esmalte, óleo, spray, silicone</li><li>Artista: Shazequin</li></ul><p><strong>Confirmação de idade obrigatória antes da compra. Venda proibida a menores de 18 anos. Consuma com responsabilidade.</strong></p>",KULTU by Shazequin,Absinto,"kultu, absinto, edição limitada, peça única, pintado à mão",FALSE,Title,Default Title,KULTU-019,shopify,1,deny,manual,0.00,TRUE,TRUE,https://raw.githubusercontent.com/antonio-p-sousa/expand/main/assets/produtos/kultu-019.jpg,1,"Garrafa KULTU by Shazequin N.º 19 — absinto de edição limitada, caveira pintada à mão",draft,19,"[LENDA — texto próprio desta caveira, opcional]"
kultu-020,KULTU N.º 020,"<p><em>Cada caveira é uma obra de arte. Cada garrafa, um brinde à vida. Absinto de edição limitada, assinado por Shazequin.</em></p><p>Esta garrafa não saiu de uma linha de produção — saiu das mãos de Shazequin.</p><p>Inspirada no Día de Los Muertos, a caveira Kultu não celebra a morte: celebra a memória, a alegria e a vida que continua. Cada peça é pintada individualmente à mão, com técnica mista — acrílico, esmalte, óleo e spray, contorno de silicone e uma seleção própria de acessórios — o que garante que a sua garrafa é, literalmente, a única no mundo com aquele rosto.</p><p>Numerada manualmente, esta é uma edição limitada e exclusiva. Não haverá reedição. Quando esta tiragem acabar, acaba mesmo — e a sua garrafa passa a ser, também ela, uma peça de coleção.</p><p><em>Autêntica e única. Como você.</em></p><h3>Ficha técnica</h3><ul><li>Tipo de bebida: Absinto</li><li>Volume: 70 cl</li><li>Grau alcoólico: 80%</li><li>Edição: Limitada — numerada à mão</li><li>Técnica da garrafa: Acrílico, esmalte, óleo, spray, silicone</li><li>Artista: Shazequin</li></ul><p><strong>Confirmação de idade obrigatória antes da compra. Venda proibida a menores de 18 anos. Consuma com responsabilidade.</strong></p>",KULTU by Shazequin,Absinto,"kultu, absinto, edição limitada, peça única, pintado à mão",FALSE,Title,Default Title,KULTU-020,shopify,1,deny,manual,0.00,TRUE,TRUE,https://raw.githubusercontent.com/antonio-p-sousa/expand/main/assets/produtos/kultu-020.jpg,1,"Garrafa KULTU by Shazequin N.º 20 — absinto de edição limitada, caveira pintada à mão",draft,20,"[LENDA — texto próprio desta caveira, opcional]"
kultu-021,KULTU N.º 021,"<p><em>Cada caveira é uma obra de arte. Cada garrafa, um brinde à vida. Absinto de edição limitada, assinado por Shazequin.</em></p><p>Esta garrafa não saiu de uma linha de produção — saiu das mãos de Shazequin.</p><p>Inspirada no Día de Los Muertos, a caveira Kultu não celebra a morte: celebra a memória, a alegria e a vida que continua. Cada peça é pintada individualmente à mão, com técnica mista — acrílico, esmalte, óleo e spray, contorno de silicone e uma seleção própria de acessórios — o que garante que a sua garrafa é, literalmente, a única no mundo com aquele rosto.</p><p>Numerada manualmente, esta é uma edição limitada e exclusiva. Não haverá reedição. Quando esta tiragem acabar, acaba mesmo — e a sua garrafa passa a ser, também ela, uma peça de coleção.</p><p><em>Autêntica e única. Como você.</em></p><h3>Ficha técnica</h3><ul><li>Tipo de bebida: Absinto</li><li>Volume: 70 cl</li><li>Grau alcoólico: 80%</li><li>Edição: Limitada — numerada à mão</li><li>Técnica da garrafa: Acrílico, esmalte, óleo, spray, silicone</li><li>Artista: Shazequin</li></ul><p><strong>Confirmação de idade obrigatória antes da compra. Venda proibida a menores de 18 anos. Consuma com responsabilidade.</strong></p>",KULTU by Shazequin,Absinto,"kultu, absinto, edição limitada, peça única, pintado à mão",FALSE,Title,Default Title,KULTU-021,shopify,1,deny,manual,0.00,TRUE,TRUE,https://raw.githubusercontent.com/antonio-p-sousa/expand/main/assets/produtos/kultu-021.jpg,1,"Garrafa KULTU by Shazequin N.º 21 — absinto de edição limitada, caveira pintada à mão",draft,21,"[LENDA — texto próprio desta caveira, opcional]"
kultu-022,KULTU N.º 022,"<p><em>Cada caveira é uma obra de arte. Cada garrafa, um brinde à vida. Absinto de edição limitada, assinado por Shazequin.</em></p><p>Esta garrafa não saiu de uma linha de produção — saiu das mãos de Shazequin.</p><p>Inspirada no Día de Los Muertos, a caveira Kultu não celebra a morte: celebra a memória, a alegria e a vida que continua. Cada peça é pintada individualmente à mão, com técnica mista — acrílico, esmalte, óleo e spray, contorno de silicone e uma seleção própria de acessórios — o que garante que a sua garrafa é, literalmente, a única no mundo com aquele rosto.</p><p>Numerada manualmente, esta é uma edição limitada e exclusiva. Não haverá reedição. Quando esta tiragem acabar, acaba mesmo — e a sua garrafa passa a ser, também ela, uma peça de coleção.</p><p><em>Autêntica e única. Como você.</em></p><h3>Ficha técnica</h3><ul><li>Tipo de bebida: Absinto</li><li>Volume: 70 cl</li><li>Grau alcoólico: 80%</li><li>Edição: Limitada — numerada à mão</li><li>Técnica da garrafa: Acrílico, esmalte, óleo, spray, silicone</li><li>Artista: Shazequin</li></ul><p><strong>Confirmação de idade obrigatória antes da compra. Venda proibida a menores de 18 anos. Consuma com responsabilidade.</strong></p>",KULTU by Shazequin,Absinto,"kultu, absinto, edição limitada, peça única, pintado à mão",FALSE,Title,Default Title,KULTU-022,shopify,1,deny,manual,0.00,TRUE,TRUE,https://raw.githubusercontent.com/antonio-p-sousa/expand/main/assets/produtos/kultu-022.jpg,1,"Garrafa KULTU by Shazequin N.º 22 — absinto de edição limitada, caveira pintada à mão",draft,22,"[LENDA — texto próprio desta caveira, opcional]"
kultu-023,KULTU N.º 023,"<p><em>Cada caveira é uma obra de arte. Cada garrafa, um brinde à vida. Absinto de edição limitada, assinado por Shazequin.</em></p><p>Esta garrafa não saiu de uma linha de produção — saiu das mãos de Shazequin.</p><p>Inspirada no Día de Los Muertos, a caveira Kultu não celebra a morte: celebra a memória, a alegria e a vida que continua. Cada peça é pintada individualmente à mão, com técnica mista — acrílico, esmalte, óleo e spray, contorno de silicone e uma seleção própria de acessórios — o que garante que a sua garrafa é, literalmente, a única no mundo com aquele rosto.</p><p>Numerada manualmente, esta é uma edição limitada e exclusiva. Não haverá reedição. Quando esta tiragem acabar, acaba mesmo — e a sua garrafa passa a ser, também ela, uma peça de coleção.</p><p><em>Autêntica e única. Como você.</em></p><h3>Ficha técnica</h3><ul><li>Tipo de bebida: Absinto</li><li>Volume: 70 cl</li><li>Grau alcoólico: 80%</li><li>Edição: Limitada — numerada à mão</li><li>Técnica da garrafa: Acrílico, esmalte, óleo, spray, silicone</li><li>Artista: Shazequin</li></ul><p><strong>Confirmação de idade obrigatória antes da compra. Venda proibida a menores de 18 anos. Consuma com responsabilidade.</strong></p>",KULTU by Shazequin,Absinto,"kultu, absinto, edição limitada, peça única, pintado à mão",FALSE,Title,Default Title,KULTU-023,shopify,1,deny,manual,0.00,TRUE,TRUE,https://raw.githubusercontent.com/antonio-p-sousa/expand/main/assets/produtos/kultu-023.jpg,1,"Garrafa KULTU by Shazequin N.º 23 — absinto de edição limitada, caveira pintada à mão",draft,23,"[LENDA — texto próprio desta caveira, opcional]"
kultu-024,KULTU N.º 024,"<p><em>Cada caveira é uma obra de arte. Cada garrafa, um brinde à vida. Absinto de edição limitada, assinado por Shazequin.</em></p><p>Esta garrafa não saiu de uma linha de produção — saiu das mãos de Shazequin.</p><p>Inspirada no Día de Los Muertos, a caveira Kultu não celebra a morte: celebra a memória, a alegria e a vida que continua. Cada peça é pintada individualmente à mão, com técnica mista — acrílico, esmalte, óleo e spray, contorno de silicone e uma seleção própria de acessórios — o que garante que a sua garrafa é, literalmente, a única no mundo com aquele rosto.</p><p>Numerada manualmente, esta é uma edição limitada e exclusiva. Não haverá reedição. Quando esta tiragem acabar, acaba mesmo — e a sua garrafa passa a ser, também ela, uma peça de coleção.</p><p><em>Autêntica e única. Como você.</em></p><h3>Ficha técnica</h3><ul><li>Tipo de bebida: Absinto</li><li>Volume: 70 cl</li><li>Grau alcoólico: 80%</li><li>Edição: Limitada — numerada à mão</li><li>Técnica da garrafa: Acrílico, esmalte, óleo, spray, silicone</li><li>Artista: Shazequin</li></ul><p><strong>Confirmação de idade obrigatória antes da compra. Venda proibida a menores de 18 anos. Consuma com responsabilidade.</strong></p>",KULTU by Shazequin,Absinto,"kultu, absinto, edição limitada, peça única, pintado à mão",FALSE,Title,Default Title,KULTU-024,shopify,1,deny,manual,0.00,TRUE,TRUE,https://raw.githubusercontent.com/antonio-p-sousa/expand/main/assets/produtos/kultu-024.jpg,1,"Garrafa KULTU by Shazequin N.º 24 — absinto de edição limitada, caveira pintada à mão",draft,24,"[LENDA — texto próprio desta caveira, opcional]"
kultu-025,KULTU N.º 025,"<p><em>Cada caveira é uma obra de arte. Cada garrafa, um brinde à vida. Absinto de edição limitada, assinado por Shazequin.</em></p><p>Esta garrafa não saiu de uma linha de produção — saiu das mãos de Shazequin.</p><p>Inspirada no Día de Los Muertos, a caveira Kultu não celebra a morte: celebra a memória, a alegria e a vida que continua. Cada peça é pintada individualmente à mão, com técnica mista — acrílico, esmalte, óleo e spray, contorno de silicone e uma seleção própria de acessórios — o que garante que a sua garrafa é, literalmente, a única no mundo com aquele rosto.</p><p>Numerada manualmente, esta é uma edição limitada e exclusiva. Não haverá reedição. Quando esta tiragem acabar, acaba mesmo — e a sua garrafa passa a ser, também ela, uma peça de coleção.</p><p><em>Autêntica e única. Como você.</em></p><h3>Ficha técnica</h3><ul><li>Tipo de bebida: Absinto</li><li>Volume: 70 cl</li><li>Grau alcoólico: 80%</li><li>Edição: Limitada — numerada à mão</li><li>Técnica da garrafa: Acrílico, esmalte, óleo, spray, silicone</li><li>Artista: Shazequin</li></ul><p><strong>Confirmação de idade obrigatória antes da compra. Venda proibida a menores de 18 anos. Consuma com responsabilidade.</strong></p>",KULTU by Shazequin,Absinto,"kultu, absinto, edição limitada, peça única, pintado à mão",FALSE,Title,Default Title,KULTU-025,shopify,1,deny,manual,0.00,TRUE,TRUE,https://raw.githubusercontent.com/antonio-p-sousa/expand/main/assets/produtos/kultu-025.jpg,1,"Garrafa KULTU by Shazequin N.º 25 — absinto de edição limitada, caveira pintada à mão",draft,25,"[LENDA — texto próprio desta caveira, opcional]"
kultu-026,KULTU N.º 026,"<p><em>Cada caveira é uma obra de arte. Cada garrafa, um brinde à vida. Absinto de edição limitada, assinado por Shazequin.</em></p><p>Esta garrafa não saiu de uma linha de produção — saiu das mãos de Shazequin.</p><p>Inspirada no Día de Los Muertos, a caveira Kultu não celebra a morte: celebra a memória, a alegria e a vida que continua. Cada peça é pintada individualmente à mão, com técnica mista — acrílico, esmalte, óleo e spray, contorno de silicone e uma seleção própria de acessórios — o que garante que a sua garrafa é, literalmente, a única no mundo com aquele rosto.</p><p>Numerada manualmente, esta é uma edição limitada e exclusiva. Não haverá reedição. Quando esta tiragem acabar, acaba mesmo — e a sua garrafa passa a ser, também ela, uma peça de coleção.</p><p><em>Autêntica e única. Como você.</em></p><h3>Ficha técnica</h3><ul><li>Tipo de bebida: Absinto</li><li>Volume: 70 cl</li><li>Grau alcoólico: 80%</li><li>Edição: Limitada — numerada à mão</li><li>Técnica da garrafa: Acrílico, esmalte, óleo, spray, silicone</li><li>Artista: Shazequin</li></ul><p><strong>Confirmação de idade obrigatória antes da compra. Venda proibida a menores de 18 anos. Consuma com responsabilidade.</strong></p>",KULTU by Shazequin,Absinto,"kultu, absinto, edição limitada, peça única, pintado à mão",FALSE,Title,Default Title,KULTU-026,shopify,1,deny,manual,0.00,TRUE,TRUE,https://raw.githubusercontent.com/antonio-p-sousa/expand/main/assets/produtos/kultu-026.jpg,1,"Garrafa KULTU by Shazequin N.º 26 — absinto de edição limitada, caveira pintada à mão",draft,26,"[LENDA — texto próprio desta caveira, opcional]"
kultu-027,KULTU N.º 027,"<p><em>Cada caveira é uma obra de arte. Cada garrafa, um brinde à vida. Absinto de edição limitada, assinado por Shazequin.</em></p><p>Esta garrafa não saiu de uma linha de produção — saiu das mãos de Shazequin.</p><p>Inspirada no Día de Los Muertos, a caveira Kultu não celebra a morte: celebra a memória, a alegria e a vida que continua. Cada peça é pintada individualmente à mão, com técnica mista — acrílico, esmalte, óleo e spray, contorno de silicone e uma seleção própria de acessórios — o que garante que a sua garrafa é, literalmente, a única no mundo com aquele rosto.</p><p>Numerada manualmente, esta é uma edição limitada e exclusiva. Não haverá reedição. Quando esta tiragem acabar, acaba mesmo — e a sua garrafa passa a ser, também ela, uma peça de coleção.</p><p><em>Autêntica e única. Como você.</em></p><h3>Ficha técnica</h3><ul><li>Tipo de bebida: Absinto</li><li>Volume: 70 cl</li><li>Grau alcoólico: 80%</li><li>Edição: Limitada — numerada à mão</li><li>Técnica da garrafa: Acrílico, esmalte, óleo, spray, silicone</li><li>Artista: Shazequin</li></ul><p><strong>Confirmação de idade obrigatória antes da compra. Venda proibida a menores de 18 anos. Consuma com responsabilidade.</strong></p>",KULTU by Shazequin,Absinto,"kultu, absinto, edição limitada, peça única, pintado à mão",FALSE,Title,Default Title,KULTU-027,shopify,1,deny,manual,0.00,TRUE,TRUE,https://raw.githubusercontent.com/antonio-p-sousa/expand/main/assets/produtos/kultu-027.jpg,1,"Garrafa KULTU by Shazequin N.º 27 — absinto de edição limitada, caveira pintada à mão",draft,27,"[LENDA — texto próprio desta caveira, opcional]"
kultu-028,KULTU N.º 028,"<p><em>Cada caveira é uma obra de arte. Cada garrafa, um brinde à vida. Absinto de edição limitada, assinado por Shazequin.</em></p><p>Esta garrafa não saiu de uma linha de produção — saiu das mãos de Shazequin.</p><p>Inspirada no Día de Los Muertos, a caveira Kultu não celebra a morte: celebra a memória, a alegria e a vida que continua. Cada peça é pintada individualmente à mão, com técnica mista — acrílico, esmalte, óleo e spray, contorno de silicone e uma seleção própria de acessórios — o que garante que a sua garrafa é, literalmente, a única no mundo com aquele rosto.</p><p>Numerada manualmente, esta é uma edição limitada e exclusiva. Não haverá reedição. Quando esta tiragem acabar, acaba mesmo — e a sua garrafa passa a ser, também ela, uma peça de coleção.</p><p><em>Autêntica e única. Como você.</em></p><h3>Ficha técnica</h3><ul><li>Tipo de bebida: Absinto</li><li>Volume: 70 cl</li><li>Grau alcoólico: 80%</li><li>Edição: Limitada — numerada à mão</li><li>Técnica da garrafa: Acrílico, esmalte, óleo, spray, silicone</li><li>Artista: Shazequin</li></ul><p><strong>Confirmação de idade obrigatória antes da compra. Venda proibida a menores de 18 anos. Consuma com responsabilidade.</strong></p>",KULTU by Shazequin,Absinto,"kultu, absinto, edição limitada, peça única, pintado à mão",FALSE,Title,Default Title,KULTU-028,shopify,1,deny,manual,0.00,TRUE,TRUE,https://raw.githubusercontent.com/antonio-p-sousa/expand/main/assets/produtos/kultu-028.jpg,1,"Garrafa KULTU by Shazequin N.º 28 — absinto de edição limitada, caveira pintada à mão",draft,28,"[LENDA — texto próprio desta caveira, opcional]"
kultu-029,KULTU N.º 029,"<p><em>Cada caveira é uma obra de arte. Cada garrafa, um brinde à vida. Absinto de edição limitada, assinado por Shazequin.</em></p><p>Esta garrafa não saiu de uma linha de produção — saiu das mãos de Shazequin.</p><p>Inspirada no Día de Los Muertos, a caveira Kultu não celebra a morte: celebra a memória, a alegria e a vida que continua. Cada peça é pintada individualmente à mão, com técnica mista — acrílico, esmalte, óleo e spray, contorno de silicone e uma seleção própria de acessórios — o que garante que a sua garrafa é, literalmente, a única no mundo com aquele rosto.</p><p>Numerada manualmente, esta é uma edição limitada e exclusiva. Não haverá reedição. Quando esta tiragem acabar, acaba mesmo — e a sua garrafa passa a ser, também ela, uma peça de coleção.</p><p><em>Autêntica e única. Como você.</em></p><h3>Ficha técnica</h3><ul><li>Tipo de bebida: Absinto</li><li>Volume: 70 cl</li><li>Grau alcoólico: 80%</li><li>Edição: Limitada — numerada à mão</li><li>Técnica da garrafa: Acrílico, esmalte, óleo, spray, silicone</li><li>Artista: Shazequin</li></ul><p><strong>Confirmação de idade obrigatória antes da compra. Venda proibida a menores de 18 anos. Consuma com responsabilidade.</strong></p>",KULTU by Shazequin,Absinto,"kultu, absinto, edição limitada, peça única, pintado à mão",FALSE,Title,Default Title,KULTU-029,shopify,1,deny,manual,0.00,TRUE,TRUE,https://raw.githubusercontent.com/antonio-p-sousa/expand/main/assets/produtos/kultu-029.jpg,1,"Garrafa KULTU by Shazequin N.º 29 — absinto de edição limitada, caveira pintada à mão",draft,29,"[LENDA — texto próprio desta caveira, opcional]"
kultu-030,KULTU N.º 030,"<p><em>Cada caveira é uma obra de arte. Cada garrafa, um brinde à vida. Absinto de edição limitada, assinado por Shazequin.</em></p><p>Esta garrafa não saiu de uma linha de produção — saiu das mãos de Shazequin.</p><p>Inspirada no Día de Los Muertos, a caveira Kultu não celebra a morte: celebra a memória, a alegria e a vida que continua. Cada peça é pintada individualmente à mão, com técnica mista — acrílico, esmalte, óleo e spray, contorno de silicone e uma seleção própria de acessórios — o que garante que a sua garrafa é, literalmente, a única no mundo com aquele rosto.</p><p>Numerada manualmente, esta é uma edição limitada e exclusiva. Não haverá reedição. Quando esta tiragem acabar, acaba mesmo — e a sua garrafa passa a ser, também ela, uma peça de coleção.</p><p><em>Autêntica e única. Como você.</em></p><h3>Ficha técnica</h3><ul><li>Tipo de bebida: Absinto</li><li>Volume: 70 cl</li><li>Grau alcoólico: 80%</li><li>Edição: Limitada — numerada à mão</li><li>Técnica da garrafa: Acrílico, esmalte, óleo, spray, silicone</li><li>Artista: Shazequin</li></ul><p><strong>Confirmação de idade obrigatória antes da compra. Venda proibida a menores de 18 anos. Consuma com responsabilidade.</strong></p>",KULTU by Shazequin,Absinto,"kultu, absinto, edição limitada, peça única, pintado à mão",FALSE,Title,Default Title,KULTU-030,shopify,1,deny,manual,0.00,TRUE,TRUE,https://raw.githubusercontent.com/antonio-p-sousa/expand/main/assets/produtos/kultu-030.jpg,1,"Garrafa KULTU by Shazequin N.º 30 — absinto de edição limitada, caveira pintada à mão",draft,30,"[LENDA — texto próprio desta caveira, opcional]"
kultu-031,KULTU N.º 031,"<p><em>Cada caveira é uma obra de arte. Cada garrafa, um brinde à vida. Absinto de edição limitada, assinado por Shazequin.</em></p><p>Esta garrafa não saiu de uma linha de produção — saiu das mãos de Shazequin.</p><p>Inspirada no Día de Los Muertos, a caveira Kultu não celebra a morte: celebra a memória, a alegria e a vida que continua. Cada peça é pintada individualmente à mão, com técnica mista — acrílico, esmalte, óleo e spray, contorno de silicone e uma seleção própria de acessórios — o que garante que a sua garrafa é, literalmente, a única no mundo com aquele rosto.</p><p>Numerada manualmente, esta é uma edição limitada e exclusiva. Não haverá reedição. Quando esta tiragem acabar, acaba mesmo — e a sua garrafa passa a ser, também ela, uma peça de coleção.</p><p><em>Autêntica e única. Como você.</em></p><h3>Ficha técnica</h3><ul><li>Tipo de bebida: Absinto</li><li>Volume: 70 cl</li><li>Grau alcoólico: 80%</li><li>Edição: Limitada — numerada à mão</li><li>Técnica da garrafa: Acrílico, esmalte, óleo, spray, silicone</li><li>Artista: Shazequin</li></ul><p><strong>Confirmação de idade obrigatória antes da compra. Venda proibida a menores de 18 anos. Consuma com responsabilidade.</strong></p>",KULTU by Shazequin,Absinto,"kultu, absinto, edição limitada, peça única, pintado à mão",FALSE,Title,Default Title,KULTU-031,shopify,1,deny,manual,0.00,TRUE,TRUE,https://raw.githubusercontent.com/antonio-p-sousa/expand/main/assets/produtos/kultu-031.jpg,1,"Garrafa KULTU by Shazequin N.º 31 — absinto de edição limitada, caveira pintada à mão",draft,31,"[LENDA — texto próprio desta caveira, opcional]"
kultu-032,KULTU N.º 032,"<p><em>Cada caveira é uma obra de arte. Cada garrafa, um brinde à vida. Absinto de edição limitada, assinado por Shazequin.</em></p><p>Esta garrafa não saiu de uma linha de produção — saiu das mãos de Shazequin.</p><p>Inspirada no Día de Los Muertos, a caveira Kultu não celebra a morte: celebra a memória, a alegria e a vida que continua. Cada peça é pintada individualmente à mão, com técnica mista — acrílico, esmalte, óleo e spray, contorno de silicone e uma seleção própria de acessórios — o que garante que a sua garrafa é, literalmente, a única no mundo com aquele rosto.</p><p>Numerada manualmente, esta é uma edição limitada e exclusiva. Não haverá reedição. Quando esta tiragem acabar, acaba mesmo — e a sua garrafa passa a ser, também ela, uma peça de coleção.</p><p><em>Autêntica e única. Como você.</em></p><h3>Ficha técnica</h3><ul><li>Tipo de bebida: Absinto</li><li>Volume: 70 cl</li><li>Grau alcoólico: 80%</li><li>Edição: Limitada — numerada à mão</li><li>Técnica da garrafa: Acrílico, esmalte, óleo, spray, silicone</li><li>Artista: Shazequin</li></ul><p><strong>Confirmação de idade obrigatória antes da compra. Venda proibida a menores de 18 anos. Consuma com responsabilidade.</strong></p>",KULTU by Shazequin,Absinto,"kultu, absinto, edição limitada, peça única, pintado à mão",FALSE,Title,Default Title,KULTU-032,shopify,1,deny,manual,0.00,TRUE,TRUE,https://raw.githubusercontent.com/antonio-p-sousa/expand/main/assets/produtos/kultu-032.jpg,1,"Garrafa KULTU by Shazequin N.º 32 — absinto de edição limitada, caveira pintada à mão",draft,32,"[LENDA — texto próprio desta caveira, opcional]"
kultu-033,KULTU N.º 033,"<p><em>Cada caveira é uma obra de arte. Cada garrafa, um brinde à vida. Absinto de edição limitada, assinado por Shazequin.</em></p><p>Esta garrafa não saiu de uma linha de produção — saiu das mãos de Shazequin.</p><p>Inspirada no Día de Los Muertos, a caveira Kultu não celebra a morte: celebra a memória, a alegria e a vida que continua. Cada peça é pintada individualmente à mão, com técnica mista — acrílico, esmalte, óleo e spray, contorno de silicone e uma seleção própria de acessórios — o que garante que a sua garrafa é, literalmente, a única no mundo com aquele rosto.</p><p>Numerada manualmente, esta é uma edição limitada e exclusiva. Não haverá reedição. Quando esta tiragem acabar, acaba mesmo — e a sua garrafa passa a ser, também ela, uma peça de coleção.</p><p><em>Autêntica e única. Como você.</em></p><h3>Ficha técnica</h3><ul><li>Tipo de bebida: Absinto</li><li>Volume: 70 cl</li><li>Grau alcoólico: 80%</li><li>Edição: Limitada — numerada à mão</li><li>Técnica da garrafa: Acrílico, esmalte, óleo, spray, silicone</li><li>Artista: Shazequin</li></ul><p><strong>Confirmação de idade obrigatória antes da compra. Venda proibida a menores de 18 anos. Consuma com responsabilidade.</strong></p>",KULTU by Shazequin,Absinto,"kultu, absinto, edição limitada, peça única, pintado à mão",FALSE,Title,Default Title,KULTU-033,shopify,1,deny,manual,0.00,TRUE,TRUE,https://raw.githubusercontent.com/antonio-p-sousa/expand/main/assets/produtos/kultu-033.jpg,1,"Garrafa KULTU by Shazequin N.º 33 — absinto de edição limitada, caveira pintada à mão",draft,33,"[LENDA — texto próprio desta caveira, opcional]"
kultu-034,KULTU N.º 034,"<p><em>Cada caveira é uma obra de arte. Cada garrafa, um brinde à vida. Absinto de edição limitada, assinado por Shazequin.</em></p><p>Esta garrafa não saiu de uma linha de produção — saiu das mãos de Shazequin.</p><p>Inspirada no Día de Los Muertos, a caveira Kultu não celebra a morte: celebra a memória, a alegria e a vida que continua. Cada peça é pintada individualmente à mão, com técnica mista — acrílico, esmalte, óleo e spray, contorno de silicone e uma seleção própria de acessórios — o que garante que a sua garrafa é, literalmente, a única no mundo com aquele rosto.</p><p>Numerada manualmente, esta é uma edição limitada e exclusiva. Não haverá reedição. Quando esta tiragem acabar, acaba mesmo — e a sua garrafa passa a ser, também ela, uma peça de coleção.</p><p><em>Autêntica e única. Como você.</em></p><h3>Ficha técnica</h3><ul><li>Tipo de bebida: Absinto</li><li>Volume: 70 cl</li><li>Grau alcoólico: 80%</li><li>Edição: Limitada — numerada à mão</li><li>Técnica da garrafa: Acrílico, esmalte, óleo, spray, silicone</li><li>Artista: Shazequin</li></ul><p><strong>Confirmação de idade obrigatória antes da compra. Venda proibida a menores de 18 anos. Consuma com responsabilidade.</strong></p>",KULTU by Shazequin,Absinto,"kultu, absinto, edição limitada, peça única, pintado à mão",FALSE,Title,Default Title,KULTU-034,shopify,1,deny,manual,0.00,TRUE,TRUE,https://raw.githubusercontent.com/antonio-p-sousa/expand/main/assets/produtos/kultu-034.jpg,1,"Garrafa KULTU by Shazequin N.º 34 — absinto de edição limitada, caveira pintada à mão",draft,34,"[LENDA — texto próprio desta caveira, opcional]"
kultu-035,KULTU N.º 035,"<p><em>Cada caveira é uma obra de arte. Cada garrafa, um brinde à vida. Absinto de edição limitada, assinado por Shazequin.</em></p><p>Esta garrafa não saiu de uma linha de produção — saiu das mãos de Shazequin.</p><p>Inspirada no Día de Los Muertos, a caveira Kultu não celebra a morte: celebra a memória, a alegria e a vida que continua. Cada peça é pintada individualmente à mão, com técnica mista — acrílico, esmalte, óleo e spray, contorno de silicone e uma seleção própria de acessórios — o que garante que a sua garrafa é, literalmente, a única no mundo com aquele rosto.</p><p>Numerada manualmente, esta é uma edição limitada e exclusiva. Não haverá reedição. Quando esta tiragem acabar, acaba mesmo — e a sua garrafa passa a ser, também ela, uma peça de coleção.</p><p><em>Autêntica e única. Como você.</em></p><h3>Ficha técnica</h3><ul><li>Tipo de bebida: Absinto</li><li>Volume: 70 cl</li><li>Grau alcoólico: 80%</li><li>Edição: Limitada — numerada à mão</li><li>Técnica da garrafa: Acrílico, esmalte, óleo, spray, silicone</li><li>Artista: Shazequin</li></ul><p><strong>Confirmação de idade obrigatória antes da compra. Venda proibida a menores de 18 anos. Consuma com responsabilidade.</strong></p>",KULTU by Shazequin,Absinto,"kultu, absinto, edição limitada, peça única, pintado à mão",FALSE,Title,Default Title,KULTU-035,shopify,1,deny,manual,0.00,TRUE,TRUE,https://raw.githubusercontent.com/antonio-p-sousa/expand/main/assets/produtos/kultu-035.jpg,1,"Garrafa KULTU by Shazequin N.º 35 — absinto de edição limitada, caveira pintada à mão",draft,35,"[LENDA — texto próprio desta caveira, opcional]"
kultu-036,KULTU N.º 036,"<p><em>Cada caveira é uma obra de arte. Cada garrafa, um brinde à vida. Absinto de edição limitada, assinado por Shazequin.</em></p><p>Esta garrafa não saiu de uma linha de produção — saiu das mãos de Shazequin.</p><p>Inspirada no Día de Los Muertos, a caveira Kultu não celebra a morte: celebra a memória, a alegria e a vida que continua. Cada peça é pintada individualmente à mão, com técnica mista — acrílico, esmalte, óleo e spray, contorno de silicone e uma seleção própria de acessórios — o que garante que a sua garrafa é, literalmente, a única no mundo com aquele rosto.</p><p>Numerada manualmente, esta é uma edição limitada e exclusiva. Não haverá reedição. Quando esta tiragem acabar, acaba mesmo — e a sua garrafa passa a ser, também ela, uma peça de coleção.</p><p><em>Autêntica e única. Como você.</em></p><h3>Ficha técnica</h3><ul><li>Tipo de bebida: Absinto</li><li>Volume: 70 cl</li><li>Grau alcoólico: 80%</li><li>Edição: Limitada — numerada à mão</li><li>Técnica da garrafa: Acrílico, esmalte, óleo, spray, silicone</li><li>Artista: Shazequin</li></ul><p><strong>Confirmação de idade obrigatória antes da compra. Venda proibida a menores de 18 anos. Consuma com responsabilidade.</strong></p>",KULTU by Shazequin,Absinto,"kultu, absinto, edição limitada, peça única, pintado à mão",FALSE,Title,Default Title,KULTU-036,shopify,1,deny,manual,0.00,TRUE,TRUE,https://raw.githubusercontent.com/antonio-p-sousa/expand/main/assets/produtos/kultu-036.jpg,1,"Garrafa KULTU by Shazequin N.º 36 — absinto de edição limitada, caveira pintada à mão",draft,36,"[LENDA — texto próprio desta caveira, opcional]"
kultu-037,KULTU N.º 037,"<p><em>Cada caveira é uma obra de arte. Cada garrafa, um brinde à vida. Absinto de edição limitada, assinado por Shazequin.</em></p><p>Esta garrafa não saiu de uma linha de produção — saiu das mãos de Shazequin.</p><p>Inspirada no Día de Los Muertos, a caveira Kultu não celebra a morte: celebra a memória, a alegria e a vida que continua. Cada peça é pintada individualmente à mão, com técnica mista — acrílico, esmalte, óleo e spray, contorno de silicone e uma seleção própria de acessórios — o que garante que a sua garrafa é, literalmente, a única no mundo com aquele rosto.</p><p>Numerada manualmente, esta é uma edição limitada e exclusiva. Não haverá reedição. Quando esta tiragem acabar, acaba mesmo — e a sua garrafa passa a ser, também ela, uma peça de coleção.</p><p><em>Autêntica e única. Como você.</em></p><h3>Ficha técnica</h3><ul><li>Tipo de bebida: Absinto</li><li>Volume: 70 cl</li><li>Grau alcoólico: 80%</li><li>Edição: Limitada — numerada à mão</li><li>Técnica da garrafa: Acrílico, esmalte, óleo, spray, silicone</li><li>Artista: Shazequin</li></ul><p><strong>Confirmação de idade obrigatória antes da compra. Venda proibida a menores de 18 anos. Consuma com responsabilidade.</strong></p>",KULTU by Shazequin,Absinto,"kultu, absinto, edição limitada, peça única, pintado à mão",FALSE,Title,Default Title,KULTU-037,shopify,1,deny,manual,0.00,TRUE,TRUE,https://raw.githubusercontent.com/antonio-p-sousa/expand/main/assets/produtos/kultu-037.jpg,1,"Garrafa KULTU by Shazequin N.º 37 — absinto de edição limitada, caveira pintada à mão",draft,37,"[LENDA — texto próprio desta caveira, opcional]"
kultu-038,KULTU N.º 038,"<p><em>Cada caveira é uma obra de arte. Cada garrafa, um brinde à vida. Absinto de edição limitada, assinado por Shazequin.</em></p><p>Esta garrafa não saiu de uma linha de produção — saiu das mãos de Shazequin.</p><p>Inspirada no Día de Los Muertos, a caveira Kultu não celebra a morte: celebra a memória, a alegria e a vida que continua. Cada peça é pintada individualmente à mão, com técnica mista — acrílico, esmalte, óleo e spray, contorno de silicone e uma seleção própria de acessórios — o que garante que a sua garrafa é, literalmente, a única no mundo com aquele rosto.</p><p>Numerada manualmente, esta é uma edição limitada e exclusiva. Não haverá reedição. Quando esta tiragem acabar, acaba mesmo — e a sua garrafa passa a ser, também ela, uma peça de coleção.</p><p><em>Autêntica e única. Como você.</em></p><h3>Ficha técnica</h3><ul><li>Tipo de bebida: Absinto</li><li>Volume: 70 cl</li><li>Grau alcoólico: 80%</li><li>Edição: Limitada — numerada à mão</li><li>Técnica da garrafa: Acrílico, esmalte, óleo, spray, silicone</li><li>Artista: Shazequin</li></ul><p><strong>Confirmação de idade obrigatória antes da compra. Venda proibida a menores de 18 anos. Consuma com responsabilidade.</strong></p>",KULTU by Shazequin,Absinto,"kultu, absinto, edição limitada, peça única, pintado à mão",FALSE,Title,Default Title,KULTU-038,shopify,1,deny,manual,0.00,TRUE,TRUE,https://raw.githubusercontent.com/antonio-p-sousa/expand/main/assets/produtos/kultu-038.jpg,1,"Garrafa KULTU by Shazequin N.º 38 — absinto de edição limitada, caveira pintada à mão",draft,38,"[LENDA — texto próprio desta caveira, opcional]"
kultu-039,KULTU N.º 039,"<p><em>Cada caveira é uma obra de arte. Cada garrafa, um brinde à vida. Absinto de edição limitada, assinado por Shazequin.</em></p><p>Esta garrafa não saiu de uma linha de produção — saiu das mãos de Shazequin.</p><p>Inspirada no Día de Los Muertos, a caveira Kultu não celebra a morte: celebra a memória, a alegria e a vida que continua. Cada peça é pintada individualmente à mão, com técnica mista — acrílico, esmalte, óleo e spray, contorno de silicone e uma seleção própria de acessórios — o que garante que a sua garrafa é, literalmente, a única no mundo com aquele rosto.</p><p>Numerada manualmente, esta é uma edição limitada e exclusiva. Não haverá reedição. Quando esta tiragem acabar, acaba mesmo — e a sua garrafa passa a ser, também ela, uma peça de coleção.</p><p><em>Autêntica e única. Como você.</em></p><h3>Ficha técnica</h3><ul><li>Tipo de bebida: Absinto</li><li>Volume: 70 cl</li><li>Grau alcoólico: 80%</li><li>Edição: Limitada — numerada à mão</li><li>Técnica da garrafa: Acrílico, esmalte, óleo, spray, silicone</li><li>Artista: Shazequin</li></ul><p><strong>Confirmação de idade obrigatória antes da compra. Venda proibida a menores de 18 anos. Consuma com responsabilidade.</strong></p>",KULTU by Shazequin,Absinto,"kultu, absinto, edição limitada, peça única, pintado à mão",FALSE,Title,Default Title,KULTU-039,shopify,1,deny,manual,0.00,TRUE,TRUE,https://raw.githubusercontent.com/antonio-p-sousa/expand/main/assets/produtos/kultu-039.jpg,1,"Garrafa KULTU by Shazequin N.º 39 — absinto de edição limitada, caveira pintada à mão",draft,39,"[LENDA — texto próprio desta caveira, opcional]"
kultu-040,KULTU N.º 040,"<p><em>Cada caveira é uma obra de arte. Cada garrafa, um brinde à vida. Absinto de edição limitada, assinado por Shazequin.</em></p><p>Esta garrafa não saiu de uma linha de produção — saiu das mãos de Shazequin.</p><p>Inspirada no Día de Los Muertos, a caveira Kultu não celebra a morte: celebra a memória, a alegria e a vida que continua. Cada peça é pintada individualmente à mão, com técnica mista — acrílico, esmalte, óleo e spray, contorno de silicone e uma seleção própria de acessórios — o que garante que a sua garrafa é, literalmente, a única no mundo com aquele rosto.</p><p>Numerada manualmente, esta é uma edição limitada e exclusiva. Não haverá reedição. Quando esta tiragem acabar, acaba mesmo — e a sua garrafa passa a ser, também ela, uma peça de coleção.</p><p><em>Autêntica e única. Como você.</em></p><h3>Ficha técnica</h3><ul><li>Tipo de bebida: Absinto</li><li>Volume: 70 cl</li><li>Grau alcoólico: 80%</li><li>Edição: Limitada — numerada à mão</li><li>Técnica da garrafa: Acrílico, esmalte, óleo, spray, silicone</li><li>Artista: Shazequin</li></ul><p><strong>Confirmação de idade obrigatória antes da compra. Venda proibida a menores de 18 anos. Consuma com responsabilidade.</strong></p>",KULTU by Shazequin,Absinto,"kultu, absinto, edição limitada, peça única, pintado à mão",FALSE,Title,Default Title,KULTU-040,shopify,1,deny,manual,0.00,TRUE,TRUE,https://raw.githubusercontent.com/antonio-p-sousa/expand/main/assets/produtos/kultu-040.jpg,1,"Garrafa KULTU by Shazequin N.º 40 — absinto de edição limitada, caveira pintada à mão",draft,40,"[LENDA — texto próprio desta caveira, opcional]"
kultu-041,KULTU N.º 041,"<p><em>Cada caveira é uma obra de arte. Cada garrafa, um brinde à vida. Absinto de edição limitada, assinado por Shazequin.</em></p><p>Esta garrafa não saiu de uma linha de produção — saiu das mãos de Shazequin.</p><p>Inspirada no Día de Los Muertos, a caveira Kultu não celebra a morte: celebra a memória, a alegria e a vida que continua. Cada peça é pintada individualmente à mão, com técnica mista — acrílico, esmalte, óleo e spray, contorno de silicone e uma seleção própria de acessórios — o que garante que a sua garrafa é, literalmente, a única no mundo com aquele rosto.</p><p>Numerada manualmente, esta é uma edição limitada e exclusiva. Não haverá reedição. Quando esta tiragem acabar, acaba mesmo — e a sua garrafa passa a ser, também ela, uma peça de coleção.</p><p><em>Autêntica e única. Como você.</em></p><h3>Ficha técnica</h3><ul><li>Tipo de bebida: Absinto</li><li>Volume: 70 cl</li><li>Grau alcoólico: 80%</li><li>Edição: Limitada — numerada à mão</li><li>Técnica da garrafa: Acrílico, esmalte, óleo, spray, silicone</li><li>Artista: Shazequin</li></ul><p><strong>Confirmação de idade obrigatória antes da compra. Venda proibida a menores de 18 anos. Consuma com responsabilidade.</strong></p>",KULTU by Shazequin,Absinto,"kultu, absinto, edição limitada, peça única, pintado à mão",FALSE,Title,Default Title,KULTU-041,shopify,1,deny,manual,0.00,TRUE,TRUE,https://raw.githubusercontent.com/antonio-p-sousa/expand/main/assets/produtos/kultu-041.jpg,1,"Garrafa KULTU by Shazequin N.º 41 — absinto de edição limitada, caveira pintada à mão",draft,41,"[LENDA — texto próprio desta caveira, opcional]"
kultu-042,KULTU N.º 042,"<p><em>Cada caveira é uma obra de arte. Cada garrafa, um brinde à vida. Absinto de edição limitada, assinado por Shazequin.</em></p><p>Esta garrafa não saiu de uma linha de produção — saiu das mãos de Shazequin.</p><p>Inspirada no Día de Los Muertos, a caveira Kultu não celebra a morte: celebra a memória, a alegria e a vida que continua. Cada peça é pintada individualmente à mão, com técnica mista — acrílico, esmalte, óleo e spray, contorno de silicone e uma seleção própria de acessórios — o que garante que a sua garrafa é, literalmente, a única no mundo com aquele rosto.</p><p>Numerada manualmente, esta é uma edição limitada e exclusiva. Não haverá reedição. Quando esta tiragem acabar, acaba mesmo — e a sua garrafa passa a ser, também ela, uma peça de coleção.</p><p><em>Autêntica e única. Como você.</em></p><h3>Ficha técnica</h3><ul><li>Tipo de bebida: Absinto</li><li>Volume: 70 cl</li><li>Grau alcoólico: 80%</li><li>Edição: Limitada — numerada à mão</li><li>Técnica da garrafa: Acrílico, esmalte, óleo, spray, silicone</li><li>Artista: Shazequin</li></ul><p><strong>Confirmação de idade obrigatória antes da compra. Venda proibida a menores de 18 anos. Consuma com responsabilidade.</strong></p>",KULTU by Shazequin,Absinto,"kultu, absinto, edição limitada, peça única, pintado à mão",FALSE,Title,Default Title,KULTU-042,shopify,1,deny,manual,0.00,TRUE,TRUE,https://raw.githubusercontent.com/antonio-p-sousa/expand/main/assets/produtos/kultu-042.jpg,1,"Garrafa KULTU by Shazequin N.º 42 — absinto de edição limitada, caveira pintada à mão",draft,42,"[LENDA — texto próprio desta caveira, opcional]"
kultu-043,KULTU N.º 043,"<p><em>Cada caveira é uma obra de arte. Cada garrafa, um brinde à vida. Absinto de edição limitada, assinado por Shazequin.</em></p><p>Esta garrafa não saiu de uma linha de produção — saiu das mãos de Shazequin.</p><p>Inspirada no Día de Los Muertos, a caveira Kultu não celebra a morte: celebra a memória, a alegria e a vida que continua. Cada peça é pintada individualmente à mão, com técnica mista — acrílico, esmalte, óleo e spray, contorno de silicone e uma seleção própria de acessórios — o que garante que a sua garrafa é, literalmente, a única no mundo com aquele rosto.</p><p>Numerada manualmente, esta é uma edição limitada e exclusiva. Não haverá reedição. Quando esta tiragem acabar, acaba mesmo — e a sua garrafa passa a ser, também ela, uma peça de coleção.</p><p><em>Autêntica e única. Como você.</em></p><h3>Ficha técnica</h3><ul><li>Tipo de bebida: Absinto</li><li>Volume: 70 cl</li><li>Grau alcoólico: 80%</li><li>Edição: Limitada — numerada à mão</li><li>Técnica da garrafa: Acrílico, esmalte, óleo, spray, silicone</li><li>Artista: Shazequin</li></ul><p><strong>Confirmação de idade obrigatória antes da compra. Venda proibida a menores de 18 anos. Consuma com responsabilidade.</strong></p>",KULTU by Shazequin,Absinto,"kultu, absinto, edição limitada, peça única, pintado à mão",FALSE,Title,Default Title,KULTU-043,shopify,1,deny,manual,0.00,TRUE,TRUE,https://raw.githubusercontent.com/antonio-p-sousa/expand/main/assets/produtos/kultu-043.jpg,1,"Garrafa KULTU by Shazequin N.º 43 — absinto de edição limitada, caveira pintada à mão",draft,43,"[LENDA — texto próprio desta caveira, opcional]"
kultu-044,KULTU N.º 044,"<p><em>Cada caveira é uma obra de arte. Cada garrafa, um brinde à vida. Absinto de edição limitada, assinado por Shazequin.</em></p><p>Esta garrafa não saiu de uma linha de produção — saiu das mãos de Shazequin.</p><p>Inspirada no Día de Los Muertos, a caveira Kultu não celebra a morte: celebra a memória, a alegria e a vida que continua. Cada peça é pintada individualmente à mão, com técnica mista — acrílico, esmalte, óleo e spray, contorno de silicone e uma seleção própria de acessórios — o que garante que a sua garrafa é, literalmente, a única no mundo com aquele rosto.</p><p>Numerada manualmente, esta é uma edição limitada e exclusiva. Não haverá reedição. Quando esta tiragem acabar, acaba mesmo — e a sua garrafa passa a ser, também ela, uma peça de coleção.</p><p><em>Autêntica e única. Como você.</em></p><h3>Ficha técnica</h3><ul><li>Tipo de bebida: Absinto</li><li>Volume: 70 cl</li><li>Grau alcoólico: 80%</li><li>Edição: Limitada — numerada à mão</li><li>Técnica da garrafa: Acrílico, esmalte, óleo, spray, silicone</li><li>Artista: Shazequin</li></ul><p><strong>Confirmação de idade obrigatória antes da compra. Venda proibida a menores de 18 anos. Consuma com responsabilidade.</strong></p>",KULTU by Shazequin,Absinto,"kultu, absinto, edição limitada, peça única, pintado à mão",FALSE,Title,Default Title,KULTU-044,shopify,1,deny,manual,0.00,TRUE,TRUE,https://raw.githubusercontent.com/antonio-p-sousa/expand/main/assets/produtos/kultu-044.jpg,1,"Garrafa KULTU by Shazequin N.º 44 — absinto de edição limitada, caveira pintada à mão",draft,44,"[LENDA — texto próprio desta caveira, opcional]"
kultu-045,KULTU N.º 045,"<p><em>Cada caveira é uma obra de arte. Cada garrafa, um brinde à vida. Absinto de edição limitada, assinado por Shazequin.</em></p><p>Esta garrafa não saiu de uma linha de produção — saiu das mãos de Shazequin.</p><p>Inspirada no Día de Los Muertos, a caveira Kultu não celebra a morte: celebra a memória, a alegria e a vida que continua. Cada peça é pintada individualmente à mão, com técnica mista — acrílico, esmalte, óleo e spray, contorno de silicone e uma seleção própria de acessórios — o que garante que a sua garrafa é, literalmente, a única no mundo com aquele rosto.</p><p>Numerada manualmente, esta é uma edição limitada e exclusiva. Não haverá reedição. Quando esta tiragem acabar, acaba mesmo — e a sua garrafa passa a ser, também ela, uma peça de coleção.</p><p><em>Autêntica e única. Como você.</em></p><h3>Ficha técnica</h3><ul><li>Tipo de bebida: Absinto</li><li>Volume: 70 cl</li><li>Grau alcoólico: 80%</li><li>Edição: Limitada — numerada à mão</li><li>Técnica da garrafa: Acrílico, esmalte, óleo, spray, silicone</li><li>Artista: Shazequin</li></ul><p><strong>Confirmação de idade obrigatória antes da compra. Venda proibida a menores de 18 anos. Consuma com responsabilidade.</strong></p>",KULTU by Shazequin,Absinto,"kultu, absinto, edição limitada, peça única, pintado à mão",FALSE,Title,Default Title,KULTU-045,shopify,1,deny,manual,0.00,TRUE,TRUE,https://raw.githubusercontent.com/antonio-p-sousa/expand/main/assets/produtos/kultu-045.jpg,1,"Garrafa KULTU by Shazequin N.º 45 — absinto de edição limitada, caveira pintada à mão",draft,45,"[LENDA — texto próprio desta caveira, opcional]"
kultu-046,KULTU N.º 046,"<p><em>Cada caveira é uma obra de arte. Cada garrafa, um brinde à vida. Absinto de edição limitada, assinado por Shazequin.</em></p><p>Esta garrafa não saiu de uma linha de produção — saiu das mãos de Shazequin.</p><p>Inspirada no Día de Los Muertos, a caveira Kultu não celebra a morte: celebra a memória, a alegria e a vida que continua. Cada peça é pintada individualmente à mão, com técnica mista — acrílico, esmalte, óleo e spray, contorno de silicone e uma seleção própria de acessórios — o que garante que a sua garrafa é, literalmente, a única no mundo com aquele rosto.</p><p>Numerada manualmente, esta é uma edição limitada e exclusiva. Não haverá reedição. Quando esta tiragem acabar, acaba mesmo — e a sua garrafa passa a ser, também ela, uma peça de coleção.</p><p><em>Autêntica e única. Como você.</em></p><h3>Ficha técnica</h3><ul><li>Tipo de bebida: Absinto</li><li>Volume: 70 cl</li><li>Grau alcoólico: 80%</li><li>Edição: Limitada — numerada à mão</li><li>Técnica da garrafa: Acrílico, esmalte, óleo, spray, silicone</li><li>Artista: Shazequin</li></ul><p><strong>Confirmação de idade obrigatória antes da compra. Venda proibida a menores de 18 anos. Consuma com responsabilidade.</strong></p>",KULTU by Shazequin,Absinto,"kultu, absinto, edição limitada, peça única, pintado à mão",FALSE,Title,Default Title,KULTU-046,shopify,1,deny,manual,0.00,TRUE,TRUE,https://raw.githubusercontent.com/antonio-p-sousa/expand/main/assets/produtos/kultu-046.jpg,1,"Garrafa KULTU by Shazequin N.º 46 — absinto de edição limitada, caveira pintada à mão",draft,46,"[LENDA — texto próprio desta caveira, opcional]"
kultu-047,KULTU N.º 047,"<p><em>Cada caveira é uma obra de arte. Cada garrafa, um brinde à vida. Absinto de edição limitada, assinado por Shazequin.</em></p><p>Esta garrafa não saiu de uma linha de produção — saiu das mãos de Shazequin.</p><p>Inspirada no Día de Los Muertos, a caveira Kultu não celebra a morte: celebra a memória, a alegria e a vida que continua. Cada peça é pintada individualmente à mão, com técnica mista — acrílico, esmalte, óleo e spray, contorno de silicone e uma seleção própria de acessórios — o que garante que a sua garrafa é, literalmente, a única no mundo com aquele rosto.</p><p>Numerada manualmente, esta é uma edição limitada e exclusiva. Não haverá reedição. Quando esta tiragem acabar, acaba mesmo — e a sua garrafa passa a ser, também ela, uma peça de coleção.</p><p><em>Autêntica e única. Como você.</em></p><h3>Ficha técnica</h3><ul><li>Tipo de bebida: Absinto</li><li>Volume: 70 cl</li><li>Grau alcoólico: 80%</li><li>Edição: Limitada — numerada à mão</li><li>Técnica da garrafa: Acrílico, esmalte, óleo, spray, silicone</li><li>Artista: Shazequin</li></ul><p><strong>Confirmação de idade obrigatória antes da compra. Venda proibida a menores de 18 anos. Consuma com responsabilidade.</strong></p>",KULTU by Shazequin,Absinto,"kultu, absinto, edição limitada, peça única, pintado à mão",FALSE,Title,Default Title,KULTU-047,shopify,1,deny,manual,0.00,TRUE,TRUE,https://raw.githubusercontent.com/antonio-p-sousa/expand/main/assets/produtos/kultu-047.jpg,1,"Garrafa KULTU by Shazequin N.º 47 — absinto de edição limitada, caveira pintada à mão",draft,47,"[LENDA — texto próprio desta caveira, opcional]"
kultu-048,KULTU N.º 048,"<p><em>Cada caveira é uma obra de arte. Cada garrafa, um brinde à vida. Absinto de edição limitada, assinado por Shazequin.</em></p><p>Esta garrafa não saiu de uma linha de produção — saiu das mãos de Shazequin.</p><p>Inspirada no Día de Los Muertos, a caveira Kultu não celebra a morte: celebra a memória, a alegria e a vida que continua. Cada peça é pintada individualmente à mão, com técnica mista — acrílico, esmalte, óleo e spray, contorno de silicone e uma seleção própria de acessórios — o que garante que a sua garrafa é, literalmente, a única no mundo com aquele rosto.</p><p>Numerada manualmente, esta é uma edição limitada e exclusiva. Não haverá reedição. Quando esta tiragem acabar, acaba mesmo — e a sua garrafa passa a ser, também ela, uma peça de coleção.</p><p><em>Autêntica e única. Como você.</em></p><h3>Ficha técnica</h3><ul><li>Tipo de bebida: Absinto</li><li>Volume: 70 cl</li><li>Grau alcoólico: 80%</li><li>Edição: Limitada — numerada à mão</li><li>Técnica da garrafa: Acrílico, esmalte, óleo, spray, silicone</li><li>Artista: Shazequin</li></ul><p><strong>Confirmação de idade obrigatória antes da compra. Venda proibida a menores de 18 anos. Consuma com responsabilidade.</strong></p>",KULTU by Shazequin,Absinto,"kultu, absinto, edição limitada, peça única, pintado à mão",FALSE,Title,Default Title,KULTU-048,shopify,1,deny,manual,0.00,TRUE,TRUE,https://raw.githubusercontent.com/antonio-p-sousa/expand/main/assets/produtos/kultu-048.jpg,1,"Garrafa KULTU by Shazequin N.º 48 — absinto de edição limitada, caveira pintada à mão",draft,48,"[LENDA — texto próprio desta caveira, opcional]"
kultu-049,KULTU N.º 049,"<p><em>Cada caveira é uma obra de arte. Cada garrafa, um brinde à vida. Absinto de edição limitada, assinado por Shazequin.</em></p><p>Esta garrafa não saiu de uma linha de produção — saiu das mãos de Shazequin.</p><p>Inspirada no Día de Los Muertos, a caveira Kultu não celebra a morte: celebra a memória, a alegria e a vida que continua. Cada peça é pintada individualmente à mão, com técnica mista — acrílico, esmalte, óleo e spray, contorno de silicone e uma seleção própria de acessórios — o que garante que a sua garrafa é, literalmente, a única no mundo com aquele rosto.</p><p>Numerada manualmente, esta é uma edição limitada e exclusiva. Não haverá reedição. Quando esta tiragem acabar, acaba mesmo — e a sua garrafa passa a ser, também ela, uma peça de coleção.</p><p><em>Autêntica e única. Como você.</em></p><h3>Ficha técnica</h3><ul><li>Tipo de bebida: Absinto</li><li>Volume: 70 cl</li><li>Grau alcoólico: 80%</li><li>Edição: Limitada — numerada à mão</li><li>Técnica da garrafa: Acrílico, esmalte, óleo, spray, silicone</li><li>Artista: Shazequin</li></ul><p><strong>Confirmação de idade obrigatória antes da compra. Venda proibida a menores de 18 anos. Consuma com responsabilidade.</strong></p>",KULTU by Shazequin,Absinto,"kultu, absinto, edição limitada, peça única, pintado à mão",FALSE,Title,Default Title,KULTU-049,shopify,1,deny,manual,0.00,TRUE,TRUE,https://raw.githubusercontent.com/antonio-p-sousa/expand/main/assets/produtos/kultu-049.jpg,1,"Garrafa KULTU by Shazequin N.º 49 — absinto de edição limitada, caveira pintada à mão",draft,49,"[LENDA — texto próprio desta caveira, opcional]"
kultu-050,KULTU N.º 050,"<p><em>Cada caveira é uma obra de arte. Cada garrafa, um brinde à vida. Absinto de edição limitada, assinado por Shazequin.</em></p><p>Esta garrafa não saiu de uma linha de produção — saiu das mãos de Shazequin.</p><p>Inspirada no Día de Los Muertos, a caveira Kultu não celebra a morte: celebra a memória, a alegria e a vida que continua. Cada peça é pintada individualmente à mão, com técnica mista — acrílico, esmalte, óleo e spray, contorno de silicone e uma seleção própria de acessórios — o que garante que a sua garrafa é, literalmente, a única no mundo com aquele rosto.</p><p>Numerada manualmente, esta é uma edição limitada e exclusiva. Não haverá reedição. Quando esta tiragem acabar, acaba mesmo — e a sua garrafa passa a ser, também ela, uma peça de coleção.</p><p><em>Autêntica e única. Como você.</em></p><h3>Ficha técnica</h3><ul><li>Tipo de bebida: Absinto</li><li>Volume: 70 cl</li><li>Grau alcoólico: 80%</li><li>Edição: Limitada — numerada à mão</li><li>Técnica da garrafa: Acrílico, esmalte, óleo, spray, silicone</li><li>Artista: Shazequin</li></ul><p><strong>Confirmação de idade obrigatória antes da compra. Venda proibida a menores de 18 anos. Consuma com responsabilidade.</strong></p>",KULTU by Shazequin,Absinto,"kultu, absinto, edição limitada, peça única, pintado à mão",FALSE,Title,Default Title,KULTU-050,shopify,1,deny,manual,0.00,TRUE,TRUE,https://raw.githubusercontent.com/antonio-p-sousa/expand/main/assets/produtos/kultu-050.jpg,1,"Garrafa KULTU by Shazequin N.º 50 — absinto de edição limitada, caveira pintada à mão",draft,50,"[LENDA — texto próprio desta caveira, opcional]"
kultu-051,KULTU N.º 051,"<p><em>Cada caveira é uma obra de arte. Cada garrafa, um brinde à vida. Absinto de edição limitada, assinado por Shazequin.</em></p><p>Esta garrafa não saiu de uma linha de produção — saiu das mãos de Shazequin.</p><p>Inspirada no Día de Los Muertos, a caveira Kultu não celebra a morte: celebra a memória, a alegria e a vida que continua. Cada peça é pintada individualmente à mão, com técnica mista — acrílico, esmalte, óleo e spray, contorno de silicone e uma seleção própria de acessórios — o que garante que a sua garrafa é, literalmente, a única no mundo com aquele rosto.</p><p>Numerada manualmente, esta é uma edição limitada e exclusiva. Não haverá reedição. Quando esta tiragem acabar, acaba mesmo — e a sua garrafa passa a ser, também ela, uma peça de coleção.</p><p><em>Autêntica e única. Como você.</em></p><h3>Ficha técnica</h3><ul><li>Tipo de bebida: Absinto</li><li>Volume: 70 cl</li><li>Grau alcoólico: 80%</li><li>Edição: Limitada — numerada à mão</li><li>Técnica da garrafa: Acrílico, esmalte, óleo, spray, silicone</li><li>Artista: Shazequin</li></ul><p><strong>Confirmação de idade obrigatória antes da compra. Venda proibida a menores de 18 anos. Consuma com responsabilidade.</strong></p>",KULTU by Shazequin,Absinto,"kultu, absinto, edição limitada, peça única, pintado à mão",FALSE,Title,Default Title,KULTU-051,shopify,1,deny,manual,0.00,TRUE,TRUE,https://raw.githubusercontent.com/antonio-p-sousa/expand/main/assets/produtos/kultu-051.jpg,1,"Garrafa KULTU by Shazequin N.º 51 — absinto de edição limitada, caveira pintada à mão",draft,51,"[LENDA — texto próprio desta caveira, opcional]"
kultu-052,KULTU N.º 052,"<p><em>Cada caveira é uma obra de arte. Cada garrafa, um brinde à vida. Absinto de edição limitada, assinado por Shazequin.</em></p><p>Esta garrafa não saiu de uma linha de produção — saiu das mãos de Shazequin.</p><p>Inspirada no Día de Los Muertos, a caveira Kultu não celebra a morte: celebra a memória, a alegria e a vida que continua. Cada peça é pintada individualmente à mão, com técnica mista — acrílico, esmalte, óleo e spray, contorno de silicone e uma seleção própria de acessórios — o que garante que a sua garrafa é, literalmente, a única no mundo com aquele rosto.</p><p>Numerada manualmente, esta é uma edição limitada e exclusiva. Não haverá reedição. Quando esta tiragem acabar, acaba mesmo — e a sua garrafa passa a ser, também ela, uma peça de coleção.</p><p><em>Autêntica e única. Como você.</em></p><h3>Ficha técnica</h3><ul><li>Tipo de bebida: Absinto</li><li>Volume: 70 cl</li><li>Grau alcoólico: 80%</li><li>Edição: Limitada — numerada à mão</li><li>Técnica da garrafa: Acrílico, esmalte, óleo, spray, silicone</li><li>Artista: Shazequin</li></ul><p><strong>Confirmação de idade obrigatória antes da compra. Venda proibida a menores de 18 anos. Consuma com responsabilidade.</strong></p>",KULTU by Shazequin,Absinto,"kultu, absinto, edição limitada, peça única, pintado à mão",FALSE,Title,Default Title,KULTU-052,shopify,1,deny,manual,0.00,TRUE,TRUE,https://raw.githubusercontent.com/antonio-p-sousa/expand/main/assets/produtos/kultu-052.jpg,1,"Garrafa KULTU by Shazequin N.º 52 — absinto de edição limitada, caveira pintada à mão",draft,52,"[LENDA — texto próprio desta caveira, opcional]"
kultu-053,KULTU N.º 053,"<p><em>Cada caveira é uma obra de arte. Cada garrafa, um brinde à vida. Absinto de edição limitada, assinado por Shazequin.</em></p><p>Esta garrafa não saiu de uma linha de produção — saiu das mãos de Shazequin.</p><p>Inspirada no Día de Los Muertos, a caveira Kultu não celebra a morte: celebra a memória, a alegria e a vida que continua. Cada peça é pintada individualmente à mão, com técnica mista — acrílico, esmalte, óleo e spray, contorno de silicone e uma seleção própria de acessórios — o que garante que a sua garrafa é, literalmente, a única no mundo com aquele rosto.</p><p>Numerada manualmente, esta é uma edição limitada e exclusiva. Não haverá reedição. Quando esta tiragem acabar, acaba mesmo — e a sua garrafa passa a ser, também ela, uma peça de coleção.</p><p><em>Autêntica e única. Como você.</em></p><h3>Ficha técnica</h3><ul><li>Tipo de bebida: Absinto</li><li>Volume: 70 cl</li><li>Grau alcoólico: 80%</li><li>Edição: Limitada — numerada à mão</li><li>Técnica da garrafa: Acrílico, esmalte, óleo, spray, silicone</li><li>Artista: Shazequin</li></ul><p><strong>Confirmação de idade obrigatória antes da compra. Venda proibida a menores de 18 anos. Consuma com responsabilidade.</strong></p>",KULTU by Shazequin,Absinto,"kultu, absinto, edição limitada, peça única, pintado à mão",FALSE,Title,Default Title,KULTU-053,shopify,1,deny,manual,0.00,TRUE,TRUE,https://raw.githubusercontent.com/antonio-p-sousa/expand/main/assets/produtos/kultu-053.jpg,1,"Garrafa KULTU by Shazequin N.º 53 — absinto de edição limitada, caveira pintada à mão",draft,53,"[LENDA — texto próprio desta caveira, opcional]"
kultu-054,KULTU N.º 054,"<p><em>Cada caveira é uma obra de arte. Cada garrafa, um brinde à vida. Absinto de edição limitada, assinado por Shazequin.</em></p><p>Esta garrafa não saiu de uma linha de produção — saiu das mãos de Shazequin.</p><p>Inspirada no Día de Los Muertos, a caveira Kultu não celebra a morte: celebra a memória, a alegria e a vida que continua. Cada peça é pintada individualmente à mão, com técnica mista — acrílico, esmalte, óleo e spray, contorno de silicone e uma seleção própria de acessórios — o que garante que a sua garrafa é, literalmente, a única no mundo com aquele rosto.</p><p>Numerada manualmente, esta é uma edição limitada e exclusiva. Não haverá reedição. Quando esta tiragem acabar, acaba mesmo — e a sua garrafa passa a ser, também ela, uma peça de coleção.</p><p><em>Autêntica e única. Como você.</em></p><h3>Ficha técnica</h3><ul><li>Tipo de bebida: Absinto</li><li>Volume: 70 cl</li><li>Grau alcoólico: 80%</li><li>Edição: Limitada — numerada à mão</li><li>Técnica da garrafa: Acrílico, esmalte, óleo, spray, silicone</li><li>Artista: Shazequin</li></ul><p><strong>Confirmação de idade obrigatória antes da compra. Venda proibida a menores de 18 anos. Consuma com responsabilidade.</strong></p>",KULTU by Shazequin,Absinto,"kultu, absinto, edição limitada, peça única, pintado à mão",FALSE,Title,Default Title,KULTU-054,shopify,1,deny,manual,0.00,TRUE,TRUE,https://raw.githubusercontent.com/antonio-p-sousa/expand/main/assets/produtos/kultu-054.jpg,1,"Garrafa KULTU by Shazequin N.º 54 — absinto de edição limitada, caveira pintada à mão",draft,54,"[LENDA — texto próprio desta caveira, opcional]"
kultu-055,KULTU N.º 055,"<p><em>Cada caveira é uma obra de arte. Cada garrafa, um brinde à vida. Absinto de edição limitada, assinado por Shazequin.</em></p><p>Esta garrafa não saiu de uma linha de produção — saiu das mãos de Shazequin.</p><p>Inspirada no Día de Los Muertos, a caveira Kultu não celebra a morte: celebra a memória, a alegria e a vida que continua. Cada peça é pintada individualmente à mão, com técnica mista — acrílico, esmalte, óleo e spray, contorno de silicone e uma seleção própria de acessórios — o que garante que a sua garrafa é, literalmente, a única no mundo com aquele rosto.</p><p>Numerada manualmente, esta é uma edição limitada e exclusiva. Não haverá reedição. Quando esta tiragem acabar, acaba mesmo — e a sua garrafa passa a ser, também ela, uma peça de coleção.</p><p><em>Autêntica e única. Como você.</em></p><h3>Ficha técnica</h3><ul><li>Tipo de bebida: Absinto</li><li>Volume: 70 cl</li><li>Grau alcoólico: 80%</li><li>Edição: Limitada — numerada à mão</li><li>Técnica da garrafa: Acrílico, esmalte, óleo, spray, silicone</li><li>Artista: Shazequin</li></ul><p><strong>Confirmação de idade obrigatória antes da compra. Venda proibida a menores de 18 anos. Consuma com responsabilidade.</strong></p>",KULTU by Shazequin,Absinto,"kultu, absinto, edição limitada, peça única, pintado à mão",FALSE,Title,Default Title,KULTU-055,shopify,1,deny,manual,0.00,TRUE,TRUE,https://raw.githubusercontent.com/antonio-p-sousa/expand/main/assets/produtos/kultu-055.jpg,1,"Garrafa KULTU by Shazequin N.º 55 — absinto de edição limitada, caveira pintada à mão",draft,55,"[LENDA — texto próprio desta caveira, opcional]"
kultu-056,KULTU N.º 056,"<p><em>Cada caveira é uma obra de arte. Cada garrafa, um brinde à vida. Absinto de edição limitada, assinado por Shazequin.</em></p><p>Esta garrafa não saiu de uma linha de produção — saiu das mãos de Shazequin.</p><p>Inspirada no Día de Los Muertos, a caveira Kultu não celebra a morte: celebra a memória, a alegria e a vida que continua. Cada peça é pintada individualmente à mão, com técnica mista — acrílico, esmalte, óleo e spray, contorno de silicone e uma seleção própria de acessórios — o que garante que a sua garrafa é, literalmente, a única no mundo com aquele rosto.</p><p>Numerada manualmente, esta é uma edição limitada e exclusiva. Não haverá reedição. Quando esta tiragem acabar, acaba mesmo — e a sua garrafa passa a ser, também ela, uma peça de coleção.</p><p><em>Autêntica e única. Como você.</em></p><h3>Ficha técnica</h3><ul><li>Tipo de bebida: Absinto</li><li>Volume: 70 cl</li><li>Grau alcoólico: 80%</li><li>Edição: Limitada — numerada à mão</li><li>Técnica da garrafa: Acrílico, esmalte, óleo, spray, silicone</li><li>Artista: Shazequin</li></ul><p><strong>Confirmação de idade obrigatória antes da compra. Venda proibida a menores de 18 anos. Consuma com responsabilidade.</strong></p>",KULTU by Shazequin,Absinto,"kultu, absinto, edição limitada, peça única, pintado à mão",FALSE,Title,Default Title,KULTU-056,shopify,1,deny,manual,0.00,TRUE,TRUE,https://raw.githubusercontent.com/antonio-p-sousa/expand/main/assets/produtos/kultu-056.jpg,1,"Garrafa KULTU by Shazequin N.º 56 — absinto de edição limitada, caveira pintada à mão",draft,56,"[LENDA — texto próprio desta caveira, opcional]"
kultu-057,KULTU N.º 057,"<p><em>Cada caveira é uma obra de arte. Cada garrafa, um brinde à vida. Absinto de edição limitada, assinado por Shazequin.</em></p><p>Esta garrafa não saiu de uma linha de produção — saiu das mãos de Shazequin.</p><p>Inspirada no Día de Los Muertos, a caveira Kultu não celebra a morte: celebra a memória, a alegria e a vida que continua. Cada peça é pintada individualmente à mão, com técnica mista — acrílico, esmalte, óleo e spray, contorno de silicone e uma seleção própria de acessórios — o que garante que a sua garrafa é, literalmente, a única no mundo com aquele rosto.</p><p>Numerada manualmente, esta é uma edição limitada e exclusiva. Não haverá reedição. Quando esta tiragem acabar, acaba mesmo — e a sua garrafa passa a ser, também ela, uma peça de coleção.</p><p><em>Autêntica e única. Como você.</em></p><h3>Ficha técnica</h3><ul><li>Tipo de bebida: Absinto</li><li>Volume: 70 cl</li><li>Grau alcoólico: 80%</li><li>Edição: Limitada — numerada à mão</li><li>Técnica da garrafa: Acrílico, esmalte, óleo, spray, silicone</li><li>Artista: Shazequin</li></ul><p><strong>Confirmação de idade obrigatória antes da compra. Venda proibida a menores de 18 anos. Consuma com responsabilidade.</strong></p>",KULTU by Shazequin,Absinto,"kultu, absinto, edição limitada, peça única, pintado à mão",FALSE,Title,Default Title,KULTU-057,shopify,1,deny,manual,0.00,TRUE,TRUE,https://raw.githubusercontent.com/antonio-p-sousa/expand/main/assets/produtos/kultu-057.jpg,1,"Garrafa KULTU by Shazequin N.º 57 — absinto de edição limitada, caveira pintada à mão",draft,57,"[LENDA — texto próprio desta caveira, opcional]"
kultu-058,KULTU N.º 058,"<p><em>Cada caveira é uma obra de arte. Cada garrafa, um brinde à vida. Absinto de edição limitada, assinado por Shazequin.</em></p><p>Esta garrafa não saiu de uma linha de produção — saiu das mãos de Shazequin.</p><p>Inspirada no Día de Los Muertos, a caveira Kultu não celebra a morte: celebra a memória, a alegria e a vida que continua. Cada peça é pintada individualmente à mão, com técnica mista — acrílico, esmalte, óleo e spray, contorno de silicone e uma seleção própria de acessórios — o que garante que a sua garrafa é, literalmente, a única no mundo com aquele rosto.</p><p>Numerada manualmente, esta é uma edição limitada e exclusiva. Não haverá reedição. Quando esta tiragem acabar, acaba mesmo — e a sua garrafa passa a ser, também ela, uma peça de coleção.</p><p><em>Autêntica e única. Como você.</em></p><h3>Ficha técnica</h3><ul><li>Tipo de bebida: Absinto</li><li>Volume: 70 cl</li><li>Grau alcoólico: 80%</li><li>Edição: Limitada — numerada à mão</li><li>Técnica da garrafa: Acrílico, esmalte, óleo, spray, silicone</li><li>Artista: Shazequin</li></ul><p><strong>Confirmação de idade obrigatória antes da compra. Venda proibida a menores de 18 anos. Consuma com responsabilidade.</strong></p>",KULTU by Shazequin,Absinto,"kultu, absinto, edição limitada, peça única, pintado à mão",FALSE,Title,Default Title,KULTU-058,shopify,1,deny,manual,0.00,TRUE,TRUE,https://raw.githubusercontent.com/antonio-p-sousa/expand/main/assets/produtos/kultu-058.jpg,1,"Garrafa KULTU by Shazequin N.º 58 — absinto de edição limitada, caveira pintada à mão",draft,58,"[LENDA — texto próprio desta caveira, opcional]"
kultu-059,KULTU N.º 059,"<p><em>Cada caveira é uma obra de arte. Cada garrafa, um brinde à vida. Absinto de edição limitada, assinado por Shazequin.</em></p><p>Esta garrafa não saiu de uma linha de produção — saiu das mãos de Shazequin.</p><p>Inspirada no Día de Los Muertos, a caveira Kultu não celebra a morte: celebra a memória, a alegria e a vida que continua. Cada peça é pintada individualmente à mão, com técnica mista — acrílico, esmalte, óleo e spray, contorno de silicone e uma seleção própria de acessórios — o que garante que a sua garrafa é, literalmente, a única no mundo com aquele rosto.</p><p>Numerada manualmente, esta é uma edição limitada e exclusiva. Não haverá reedição. Quando esta tiragem acabar, acaba mesmo — e a sua garrafa passa a ser, também ela, uma peça de coleção.</p><p><em>Autêntica e única. Como você.</em></p><h3>Ficha técnica</h3><ul><li>Tipo de bebida: Absinto</li><li>Volume: 70 cl</li><li>Grau alcoólico: 80%</li><li>Edição: Limitada — numerada à mão</li><li>Técnica da garrafa: Acrílico, esmalte, óleo, spray, silicone</li><li>Artista: Shazequin</li></ul><p><strong>Confirmação de idade obrigatória antes da compra. Venda proibida a menores de 18 anos. Consuma com responsabilidade.</strong></p>",KULTU by Shazequin,Absinto,"kultu, absinto, edição limitada, peça única, pintado à mão",FALSE,Title,Default Title,KULTU-059,shopify,1,deny,manual,0.00,TRUE,TRUE,https://raw.githubusercontent.com/antonio-p-sousa/expand/main/assets/produtos/kultu-059.jpg,1,"Garrafa KULTU by Shazequin N.º 59 — absinto de edição limitada, caveira pintada à mão",draft,59,"[LENDA — texto próprio desta caveira, opcional]"
kultu-060,KULTU N.º 060,"<p><em>Cada caveira é uma obra de arte. Cada garrafa, um brinde à vida. Absinto de edição limitada, assinado por Shazequin.</em></p><p>Esta garrafa não saiu de uma linha de produção — saiu das mãos de Shazequin.</p><p>Inspirada no Día de Los Muertos, a caveira Kultu não celebra a morte: celebra a memória, a alegria e a vida que continua. Cada peça é pintada individualmente à mão, com técnica mista — acrílico, esmalte, óleo e spray, contorno de silicone e uma seleção própria de acessórios — o que garante que a sua garrafa é, literalmente, a única no mundo com aquele rosto.</p><p>Numerada manualmente, esta é uma edição limitada e exclusiva. Não haverá reedição. Quando esta tiragem acabar, acaba mesmo — e a sua garrafa passa a ser, também ela, uma peça de coleção.</p><p><em>Autêntica e única. Como você.</em></p><h3>Ficha técnica</h3><ul><li>Tipo de bebida: Absinto</li><li>Volume: 70 cl</li><li>Grau alcoólico: 80%</li><li>Edição: Limitada — numerada à mão</li><li>Técnica da garrafa: Acrílico, esmalte, óleo, spray, silicone</li><li>Artista: Shazequin</li></ul><p><strong>Confirmação de idade obrigatória antes da compra. Venda proibida a menores de 18 anos. Consuma com responsabilidade.</strong></p>",KULTU by Shazequin,Absinto,"kultu, absinto, edição limitada, peça única, pintado à mão",FALSE,Title,Default Title,KULTU-060,shopify,1,deny,manual,0.00,TRUE,TRUE,https://raw.githubusercontent.com/antonio-p-sousa/expand/main/assets/produtos/kultu-060.jpg,1,"Garrafa KULTU by Shazequin N.º 60 — absinto de edição limitada, caveira pintada à mão",draft,60,"[LENDA — texto próprio desta caveira, opcional]"
kultu-061,KULTU N.º 061,"<p><em>Cada caveira é uma obra de arte. Cada garrafa, um brinde à vida. Absinto de edição limitada, assinado por Shazequin.</em></p><p>Esta garrafa não saiu de uma linha de produção — saiu das mãos de Shazequin.</p><p>Inspirada no Día de Los Muertos, a caveira Kultu não celebra a morte: celebra a memória, a alegria e a vida que continua. Cada peça é pintada individualmente à mão, com técnica mista — acrílico, esmalte, óleo e spray, contorno de silicone e uma seleção própria de acessórios — o que garante que a sua garrafa é, literalmente, a única no mundo com aquele rosto.</p><p>Numerada manualmente, esta é uma edição limitada e exclusiva. Não haverá reedição. Quando esta tiragem acabar, acaba mesmo — e a sua garrafa passa a ser, também ela, uma peça de coleção.</p><p><em>Autêntica e única. Como você.</em></p><h3>Ficha técnica</h3><ul><li>Tipo de bebida: Absinto</li><li>Volume: 70 cl</li><li>Grau alcoólico: 80%</li><li>Edição: Limitada — numerada à mão</li><li>Técnica da garrafa: Acrílico, esmalte, óleo, spray, silicone</li><li>Artista: Shazequin</li></ul><p><strong>Confirmação de idade obrigatória antes da compra. Venda proibida a menores de 18 anos. Consuma com responsabilidade.</strong></p>",KULTU by Shazequin,Absinto,"kultu, absinto, edição limitada, peça única, pintado à mão",FALSE,Title,Default Title,KULTU-061,shopify,1,deny,manual,0.00,TRUE,TRUE,https://raw.githubusercontent.com/antonio-p-sousa/expand/main/assets/produtos/kultu-061.jpg,1,"Garrafa KULTU by Shazequin N.º 61 — absinto de edição limitada, caveira pintada à mão",draft,61,"[LENDA — texto próprio desta caveira, opcional]"
kultu-062,KULTU N.º 062,"<p><em>Cada caveira é uma obra de arte. Cada garrafa, um brinde à vida. Absinto de edição limitada, assinado por Shazequin.</em></p><p>Esta garrafa não saiu de uma linha de produção — saiu das mãos de Shazequin.</p><p>Inspirada no Día de Los Muertos, a caveira Kultu não celebra a morte: celebra a memória, a alegria e a vida que continua. Cada peça é pintada individualmente à mão, com técnica mista — acrílico, esmalte, óleo e spray, contorno de silicone e uma seleção própria de acessórios — o que garante que a sua garrafa é, literalmente, a única no mundo com aquele rosto.</p><p>Numerada manualmente, esta é uma edição limitada e exclusiva. Não haverá reedição. Quando esta tiragem acabar, acaba mesmo — e a sua garrafa passa a ser, também ela, uma peça de coleção.</p><p><em>Autêntica e única. Como você.</em></p><h3>Ficha técnica</h3><ul><li>Tipo de bebida: Absinto</li><li>Volume: 70 cl</li><li>Grau alcoólico: 80%</li><li>Edição: Limitada — numerada à mão</li><li>Técnica da garrafa: Acrílico, esmalte, óleo, spray, silicone</li><li>Artista: Shazequin</li></ul><p><strong>Confirmação de idade obrigatória antes da compra. Venda proibida a menores de 18 anos. Consuma com responsabilidade.</strong></p>",KULTU by Shazequin,Absinto,"kultu, absinto, edição limitada, peça única, pintado à mão",FALSE,Title,Default Title,KULTU-062,shopify,1,deny,manual,0.00,TRUE,TRUE,https://raw.githubusercontent.com/antonio-p-sousa/expand/main/assets/produtos/kultu-062.jpg,1,"Garrafa KULTU by Shazequin N.º 62 — absinto de edição limitada, caveira pintada à mão",draft,62,"[LENDA — texto próprio desta caveira, opcional]"
kultu-063,KULTU N.º 063,"<p><em>Cada caveira é uma obra de arte. Cada garrafa, um brinde à vida. Absinto de edição limitada, assinado por Shazequin.</em></p><p>Esta garrafa não saiu de uma linha de produção — saiu das mãos de Shazequin.</p><p>Inspirada no Día de Los Muertos, a caveira Kultu não celebra a morte: celebra a memória, a alegria e a vida que continua. Cada peça é pintada individualmente à mão, com técnica mista — acrílico, esmalte, óleo e spray, contorno de silicone e uma seleção própria de acessórios — o que garante que a sua garrafa é, literalmente, a única no mundo com aquele rosto.</p><p>Numerada manualmente, esta é uma edição limitada e exclusiva. Não haverá reedição. Quando esta tiragem acabar, acaba mesmo — e a sua garrafa passa a ser, também ela, uma peça de coleção.</p><p><em>Autêntica e única. Como você.</em></p><h3>Ficha técnica</h3><ul><li>Tipo de bebida: Absinto</li><li>Volume: 70 cl</li><li>Grau alcoólico: 80%</li><li>Edição: Limitada — numerada à mão</li><li>Técnica da garrafa: Acrílico, esmalte, óleo, spray, silicone</li><li>Artista: Shazequin</li></ul><p><strong>Confirmação de idade obrigatória antes da compra. Venda proibida a menores de 18 anos. Consuma com responsabilidade.</strong></p>",KULTU by Shazequin,Absinto,"kultu, absinto, edição limitada, peça única, pintado à mão",FALSE,Title,Default Title,KULTU-063,shopify,1,deny,manual,0.00,TRUE,TRUE,https://raw.githubusercontent.com/antonio-p-sousa/expand/main/assets/produtos/kultu-063.jpg,1,"Garrafa KULTU by Shazequin N.º 63 — absinto de edição limitada, caveira pintada à mão",draft,63,"[LENDA — texto próprio desta caveira, opcional]"
kultu-064,KULTU N.º 064,"<p><em>Cada caveira é uma obra de arte. Cada garrafa, um brinde à vida. Absinto de edição limitada, assinado por Shazequin.</em></p><p>Esta garrafa não saiu de uma linha de produção — saiu das mãos de Shazequin.</p><p>Inspirada no Día de Los Muertos, a caveira Kultu não celebra a morte: celebra a memória, a alegria e a vida que continua. Cada peça é pintada individualmente à mão, com técnica mista — acrílico, esmalte, óleo e spray, contorno de silicone e uma seleção própria de acessórios — o que garante que a sua garrafa é, literalmente, a única no mundo com aquele rosto.</p><p>Numerada manualmente, esta é uma edição limitada e exclusiva. Não haverá reedição. Quando esta tiragem acabar, acaba mesmo — e a sua garrafa passa a ser, também ela, uma peça de coleção.</p><p><em>Autêntica e única. Como você.</em></p><h3>Ficha técnica</h3><ul><li>Tipo de bebida: Absinto</li><li>Volume: 70 cl</li><li>Grau alcoólico: 80%</li><li>Edição: Limitada — numerada à mão</li><li>Técnica da garrafa: Acrílico, esmalte, óleo, spray, silicone</li><li>Artista: Shazequin</li></ul><p><strong>Confirmação de idade obrigatória antes da compra. Venda proibida a menores de 18 anos. Consuma com responsabilidade.</strong></p>",KULTU by Shazequin,Absinto,"kultu, absinto, edição limitada, peça única, pintado à mão",FALSE,Title,Default Title,KULTU-064,shopify,1,deny,manual,0.00,TRUE,TRUE,https://raw.githubusercontent.com/antonio-p-sousa/expand/main/assets/produtos/kultu-064.jpg,1,"Garrafa KULTU by Shazequin N.º 64 — absinto de edição limitada, caveira pintada à mão",draft,64,"[LENDA — texto próprio desta caveira, opcional]"
kultu-065,KULTU N.º 065,"<p><em>Cada caveira é uma obra de arte. Cada garrafa, um brinde à vida. Absinto de edição limitada, assinado por Shazequin.</em></p><p>Esta garrafa não saiu de uma linha de produção — saiu das mãos de Shazequin.</p><p>Inspirada no Día de Los Muertos, a caveira Kultu não celebra a morte: celebra a memória, a alegria e a vida que continua. Cada peça é pintada individualmente à mão, com técnica mista — acrílico, esmalte, óleo e spray, contorno de silicone e uma seleção própria de acessórios — o que garante que a sua garrafa é, literalmente, a única no mundo com aquele rosto.</p><p>Numerada manualmente, esta é uma edição limitada e exclusiva. Não haverá reedição. Quando esta tiragem acabar, acaba mesmo — e a sua garrafa passa a ser, também ela, uma peça de coleção.</p><p><em>Autêntica e única. Como você.</em></p><h3>Ficha técnica</h3><ul><li>Tipo de bebida: Absinto</li><li>Volume: 70 cl</li><li>Grau alcoólico: 80%</li><li>Edição: Limitada — numerada à mão</li><li>Técnica da garrafa: Acrílico, esmalte, óleo, spray, silicone</li><li>Artista: Shazequin</li></ul><p><strong>Confirmação de idade obrigatória antes da compra. Venda proibida a menores de 18 anos. Consuma com responsabilidade.</strong></p>",KULTU by Shazequin,Absinto,"kultu, absinto, edição limitada, peça única, pintado à mão",FALSE,Title,Default Title,KULTU-065,shopify,1,deny,manual,0.00,TRUE,TRUE,https://raw.githubusercontent.com/antonio-p-sousa/expand/main/assets/produtos/kultu-065.jpg,1,"Garrafa KULTU by Shazequin N.º 65 — absinto de edição limitada, caveira pintada à mão",draft,65,"[LENDA — texto próprio desta caveira, opcional]"
kultu-066,KULTU N.º 066,"<p><em>Cada caveira é uma obra de arte. Cada garrafa, um brinde à vida. Absinto de edição limitada, assinado por Shazequin.</em></p><p>Esta garrafa não saiu de uma linha de produção — saiu das mãos de Shazequin.</p><p>Inspirada no Día de Los Muertos, a caveira Kultu não celebra a morte: celebra a memória, a alegria e a vida que continua. Cada peça é pintada individualmente à mão, com técnica mista — acrílico, esmalte, óleo e spray, contorno de silicone e uma seleção própria de acessórios — o que garante que a sua garrafa é, literalmente, a única no mundo com aquele rosto.</p><p>Numerada manualmente, esta é uma edição limitada e exclusiva. Não haverá reedição. Quando esta tiragem acabar, acaba mesmo — e a sua garrafa passa a ser, também ela, uma peça de coleção.</p><p><em>Autêntica e única. Como você.</em></p><h3>Ficha técnica</h3><ul><li>Tipo de bebida: Absinto</li><li>Volume: 70 cl</li><li>Grau alcoólico: 80%</li><li>Edição: Limitada — numerada à mão</li><li>Técnica da garrafa: Acrílico, esmalte, óleo, spray, silicone</li><li>Artista: Shazequin</li></ul><p><strong>Confirmação de idade obrigatória antes da compra. Venda proibida a menores de 18 anos. Consuma com responsabilidade.</strong></p>",KULTU by Shazequin,Absinto,"kultu, absinto, edição limitada, peça única, pintado à mão",FALSE,Title,Default Title,KULTU-066,shopify,1,deny,manual,0.00,TRUE,TRUE,https://raw.githubusercontent.com/antonio-p-sousa/expand/main/assets/produtos/kultu-066.jpg,1,"Garrafa KULTU by Shazequin N.º 66 — absinto de edição limitada, caveira pintada à mão",draft,66,"[LENDA — texto próprio desta caveira, opcional]"
kultu-067,KULTU N.º 067,"<p><em>Cada caveira é uma obra de arte. Cada garrafa, um brinde à vida. Absinto de edição limitada, assinado por Shazequin.</em></p><p>Esta garrafa não saiu de uma linha de produção — saiu das mãos de Shazequin.</p><p>Inspirada no Día de Los Muertos, a caveira Kultu não celebra a morte: celebra a memória, a alegria e a vida que continua. Cada peça é pintada individualmente à mão, com técnica mista — acrílico, esmalte, óleo e spray, contorno de silicone e uma seleção própria de acessórios — o que garante que a sua garrafa é, literalmente, a única no mundo com aquele rosto.</p><p>Numerada manualmente, esta é uma edição limitada e exclusiva. Não haverá reedição. Quando esta tiragem acabar, acaba mesmo — e a sua garrafa passa a ser, também ela, uma peça de coleção.</p><p><em>Autêntica e única. Como você.</em></p><h3>Ficha técnica</h3><ul><li>Tipo de bebida: Absinto</li><li>Volume: 70 cl</li><li>Grau alcoólico: 80%</li><li>Edição: Limitada — numerada à mão</li><li>Técnica da garrafa: Acrílico, esmalte, óleo, spray, silicone</li><li>Artista: Shazequin</li></ul><p><strong>Confirmação de idade obrigatória antes da compra. Venda proibida a menores de 18 anos. Consuma com responsabilidade.</strong></p>",KULTU by Shazequin,Absinto,"kultu, absinto, edição limitada, peça única, pintado à mão",FALSE,Title,Default Title,KULTU-067,shopify,1,deny,manual,0.00,TRUE,TRUE,https://raw.githubusercontent.com/antonio-p-sousa/expand/main/assets/produtos/kultu-067.jpg,1,"Garrafa KULTU by Shazequin N.º 67 — absinto de edição limitada, caveira pintada à mão",draft,67,"[LENDA — texto próprio desta caveira, opcional]"
kultu-068,KULTU N.º 068,"<p><em>Cada caveira é uma obra de arte. Cada garrafa, um brinde à vida. Absinto de edição limitada, assinado por Shazequin.</em></p><p>Esta garrafa não saiu de uma linha de produção — saiu das mãos de Shazequin.</p><p>Inspirada no Día de Los Muertos, a caveira Kultu não celebra a morte: celebra a memória, a alegria e a vida que continua. Cada peça é pintada individualmente à mão, com técnica mista — acrílico, esmalte, óleo e spray, contorno de silicone e uma seleção própria de acessórios — o que garante que a sua garrafa é, literalmente, a única no mundo com aquele rosto.</p><p>Numerada manualmente, esta é uma edição limitada e exclusiva. Não haverá reedição. Quando esta tiragem acabar, acaba mesmo — e a sua garrafa passa a ser, também ela, uma peça de coleção.</p><p><em>Autêntica e única. Como você.</em></p><h3>Ficha técnica</h3><ul><li>Tipo de bebida: Absinto</li><li>Volume: 70 cl</li><li>Grau alcoólico: 80%</li><li>Edição: Limitada — numerada à mão</li><li>Técnica da garrafa: Acrílico, esmalte, óleo, spray, silicone</li><li>Artista: Shazequin</li></ul><p><strong>Confirmação de idade obrigatória antes da compra. Venda proibida a menores de 18 anos. Consuma com responsabilidade.</strong></p>",KULTU by Shazequin,Absinto,"kultu, absinto, edição limitada, peça única, pintado à mão",FALSE,Title,Default Title,KULTU-068,shopify,1,deny,manual,0.00,TRUE,TRUE,https://raw.githubusercontent.com/antonio-p-sousa/expand/main/assets/produtos/kultu-068.jpg,1,"Garrafa KULTU by Shazequin N.º 68 — absinto de edição limitada, caveira pintada à mão",draft,68,"[LENDA — texto próprio desta caveira, opcional]"
kultu-069,KULTU N.º 069,"<p><em>Cada caveira é uma obra de arte. Cada garrafa, um brinde à vida. Absinto de edição limitada, assinado por Shazequin.</em></p><p>Esta garrafa não saiu de uma linha de produção — saiu das mãos de Shazequin.</p><p>Inspirada no Día de Los Muertos, a caveira Kultu não celebra a morte: celebra a memória, a alegria e a vida que continua. Cada peça é pintada individualmente à mão, com técnica mista — acrílico, esmalte, óleo e spray, contorno de silicone e uma seleção própria de acessórios — o que garante que a sua garrafa é, literalmente, a única no mundo com aquele rosto.</p><p>Numerada manualmente, esta é uma edição limitada e exclusiva. Não haverá reedição. Quando esta tiragem acabar, acaba mesmo — e a sua garrafa passa a ser, também ela, uma peça de coleção.</p><p><em>Autêntica e única. Como você.</em></p><h3>Ficha técnica</h3><ul><li>Tipo de bebida: Absinto</li><li>Volume: 70 cl</li><li>Grau alcoólico: 80%</li><li>Edição: Limitada — numerada à mão</li><li>Técnica da garrafa: Acrílico, esmalte, óleo, spray, silicone</li><li>Artista: Shazequin</li></ul><p><strong>Confirmação de idade obrigatória antes da compra. Venda proibida a menores de 18 anos. Consuma com responsabilidade.</strong></p>",KULTU by Shazequin,Absinto,"kultu, absinto, edição limitada, peça única, pintado à mão",FALSE,Title,Default Title,KULTU-069,shopify,1,deny,manual,0.00,TRUE,TRUE,https://raw.githubusercontent.com/antonio-p-sousa/expand/main/assets/produtos/kultu-069.jpg,1,"Garrafa KULTU by Shazequin N.º 69 — absinto de edição limitada, caveira pintada à mão",draft,69,"[LENDA — texto próprio desta caveira, opcional]"
kultu-070,KULTU N.º 070,"<p><em>Cada caveira é uma obra de arte. Cada garrafa, um brinde à vida. Absinto de edição limitada, assinado por Shazequin.</em></p><p>Esta garrafa não saiu de uma linha de produção — saiu das mãos de Shazequin.</p><p>Inspirada no Día de Los Muertos, a caveira Kultu não celebra a morte: celebra a memória, a alegria e a vida que continua. Cada peça é pintada individualmente à mão, com técnica mista — acrílico, esmalte, óleo e spray, contorno de silicone e uma seleção própria de acessórios — o que garante que a sua garrafa é, literalmente, a única no mundo com aquele rosto.</p><p>Numerada manualmente, esta é uma edição limitada e exclusiva. Não haverá reedição. Quando esta tiragem acabar, acaba mesmo — e a sua garrafa passa a ser, também ela, uma peça de coleção.</p><p><em>Autêntica e única. Como você.</em></p><h3>Ficha técnica</h3><ul><li>Tipo de bebida: Absinto</li><li>Volume: 70 cl</li><li>Grau alcoólico: 80%</li><li>Edição: Limitada — numerada à mão</li><li>Técnica da garrafa: Acrílico, esmalte, óleo, spray, silicone</li><li>Artista: Shazequin</li></ul><p><strong>Confirmação de idade obrigatória antes da compra. Venda proibida a menores de 18 anos. Consuma com responsabilidade.</strong></p>",KULTU by Shazequin,Absinto,"kultu, absinto, edição limitada, peça única, pintado à mão",FALSE,Title,Default Title,KULTU-070,shopify,1,deny,manual,0.00,TRUE,TRUE,https://raw.githubusercontent.com/antonio-p-sousa/expand/main/assets/produtos/kultu-070.jpg,1,"Garrafa KULTU by Shazequin N.º 70 — absinto de edição limitada, caveira pintada à mão",draft,70,"[LENDA — texto próprio desta caveira, opcional]"
kultu-071,KULTU N.º 071,"<p><em>Cada caveira é uma obra de arte. Cada garrafa, um brinde à vida. Absinto de edição limitada, assinado por Shazequin.</em></p><p>Esta garrafa não saiu de uma linha de produção — saiu das mãos de Shazequin.</p><p>Inspirada no Día de Los Muertos, a caveira Kultu não celebra a morte: celebra a memória, a alegria e a vida que continua. Cada peça é pintada individualmente à mão, com técnica mista — acrílico, esmalte, óleo e spray, contorno de silicone e uma seleção própria de acessórios — o que garante que a sua garrafa é, literalmente, a única no mundo com aquele rosto.</p><p>Numerada manualmente, esta é uma edição limitada e exclusiva. Não haverá reedição. Quando esta tiragem acabar, acaba mesmo — e a sua garrafa passa a ser, também ela, uma peça de coleção.</p><p><em>Autêntica e única. Como você.</em></p><h3>Ficha técnica</h3><ul><li>Tipo de bebida: Absinto</li><li>Volume: 70 cl</li><li>Grau alcoólico: 80%</li><li>Edição: Limitada — numerada à mão</li><li>Técnica da garrafa: Acrílico, esmalte, óleo, spray, silicone</li><li>Artista: Shazequin</li></ul><p><strong>Confirmação de idade obrigatória antes da compra. Venda proibida a menores de 18 anos. Consuma com responsabilidade.</strong></p>",KULTU by Shazequin,Absinto,"kultu, absinto, edição limitada, peça única, pintado à mão",FALSE,Title,Default Title,KULTU-071,shopify,1,deny,manual,0.00,TRUE,TRUE,https://raw.githubusercontent.com/antonio-p-sousa/expand/main/assets/produtos/kultu-071.jpg,1,"Garrafa KULTU by Shazequin N.º 71 — absinto de edição limitada, caveira pintada à mão",draft,71,"[LENDA — texto próprio desta caveira, opcional]"
kultu-072,KULTU N.º 072,"<p><em>Cada caveira é uma obra de arte. Cada garrafa, um brinde à vida. Absinto de edição limitada, assinado por Shazequin.</em></p><p>Esta garrafa não saiu de uma linha de produção — saiu das mãos de Shazequin.</p><p>Inspirada no Día de Los Muertos, a caveira Kultu não celebra a morte: celebra a memória, a alegria e a vida que continua. Cada peça é pintada individualmente à mão, com técnica mista — acrílico, esmalte, óleo e spray, contorno de silicone e uma seleção própria de acessórios — o que garante que a sua garrafa é, literalmente, a única no mundo com aquele rosto.</p><p>Numerada manualmente, esta é uma edição limitada e exclusiva. Não haverá reedição. Quando esta tiragem acabar, acaba mesmo — e a sua garrafa passa a ser, também ela, uma peça de coleção.</p><p><em>Autêntica e única. Como você.</em></p><h3>Ficha técnica</h3><ul><li>Tipo de bebida: Absinto</li><li>Volume: 70 cl</li><li>Grau alcoólico: 80%</li><li>Edição: Limitada — numerada à mão</li><li>Técnica da garrafa: Acrílico, esmalte, óleo, spray, silicone</li><li>Artista: Shazequin</li></ul><p><strong>Confirmação de idade obrigatória antes da compra. Venda proibida a menores de 18 anos. Consuma com responsabilidade.</strong></p>",KULTU by Shazequin,Absinto,"kultu, absinto, edição limitada, peça única, pintado à mão",FALSE,Title,Default Title,KULTU-072,shopify,1,deny,manual,0.00,TRUE,TRUE,https://raw.githubusercontent.com/antonio-p-sousa/expand/main/assets/produtos/kultu-072.jpg,1,"Garrafa KULTU by Shazequin N.º 72 — absinto de edição limitada, caveira pintada à mão",draft,72,"[LENDA — texto próprio desta caveira, opcional]"
kultu-073,KULTU N.º 073,"<p><em>Cada caveira é uma obra de arte. Cada garrafa, um brinde à vida. Absinto de edição limitada, assinado por Shazequin.</em></p><p>Esta garrafa não saiu de uma linha de produção — saiu das mãos de Shazequin.</p><p>Inspirada no Día de Los Muertos, a caveira Kultu não celebra a morte: celebra a memória, a alegria e a vida que continua. Cada peça é pintada individualmente à mão, com técnica mista — acrílico, esmalte, óleo e spray, contorno de silicone e uma seleção própria de acessórios — o que garante que a sua garrafa é, literalmente, a única no mundo com aquele rosto.</p><p>Numerada manualmente, esta é uma edição limitada e exclusiva. Não haverá reedição. Quando esta tiragem acabar, acaba mesmo — e a sua garrafa passa a ser, também ela, uma peça de coleção.</p><p><em>Autêntica e única. Como você.</em></p><h3>Ficha técnica</h3><ul><li>Tipo de bebida: Absinto</li><li>Volume: 70 cl</li><li>Grau alcoólico: 80%</li><li>Edição: Limitada — numerada à mão</li><li>Técnica da garrafa: Acrílico, esmalte, óleo, spray, silicone</li><li>Artista: Shazequin</li></ul><p><strong>Confirmação de idade obrigatória antes da compra. Venda proibida a menores de 18 anos. Consuma com responsabilidade.</strong></p>",KULTU by Shazequin,Absinto,"kultu, absinto, edição limitada, peça única, pintado à mão",FALSE,Title,Default Title,KULTU-073,shopify,1,deny,manual,0.00,TRUE,TRUE,https://raw.githubusercontent.com/antonio-p-sousa/expand/main/assets/produtos/kultu-073.jpg,1,"Garrafa KULTU by Shazequin N.º 73 — absinto de edição limitada, caveira pintada à mão",draft,73,"[LENDA — texto próprio desta caveira, opcional]"
kultu-074,KULTU N.º 074,"<p><em>Cada caveira é uma obra de arte. Cada garrafa, um brinde à vida. Absinto de edição limitada, assinado por Shazequin.</em></p><p>Esta garrafa não saiu de uma linha de produção — saiu das mãos de Shazequin.</p><p>Inspirada no Día de Los Muertos, a caveira Kultu não celebra a morte: celebra a memória, a alegria e a vida que continua. Cada peça é pintada individualmente à mão, com técnica mista — acrílico, esmalte, óleo e spray, contorno de silicone e uma seleção própria de acessórios — o que garante que a sua garrafa é, literalmente, a única no mundo com aquele rosto.</p><p>Numerada manualmente, esta é uma edição limitada e exclusiva. Não haverá reedição. Quando esta tiragem acabar, acaba mesmo — e a sua garrafa passa a ser, também ela, uma peça de coleção.</p><p><em>Autêntica e única. Como você.</em></p><h3>Ficha técnica</h3><ul><li>Tipo de bebida: Absinto</li><li>Volume: 70 cl</li><li>Grau alcoólico: 80%</li><li>Edição: Limitada — numerada à mão</li><li>Técnica da garrafa: Acrílico, esmalte, óleo, spray, silicone</li><li>Artista: Shazequin</li></ul><p><strong>Confirmação de idade obrigatória antes da compra. Venda proibida a menores de 18 anos. Consuma com responsabilidade.</strong></p>",KULTU by Shazequin,Absinto,"kultu, absinto, edição limitada, peça única, pintado à mão",FALSE,Title,Default Title,KULTU-074,shopify,1,deny,manual,0.00,TRUE,TRUE,https://raw.githubusercontent.com/antonio-p-sousa/expand/main/assets/produtos/kultu-074.jpg,1,"Garrafa KULTU by Shazequin N.º 74 — absinto de edição limitada, caveira pintada à mão",draft,74,"[LENDA — texto próprio desta caveira, opcional]"
kultu-075,KULTU N.º 075,"<p><em>Cada caveira é uma obra de arte. Cada garrafa, um brinde à vida. Absinto de edição limitada, assinado por Shazequin.</em></p><p>Esta garrafa não saiu de uma linha de produção — saiu das mãos de Shazequin.</p><p>Inspirada no Día de Los Muertos, a caveira Kultu não celebra a morte: celebra a memória, a alegria e a vida que continua. Cada peça é pintada individualmente à mão, com técnica mista — acrílico, esmalte, óleo e spray, contorno de silicone e uma seleção própria de acessórios — o que garante que a sua garrafa é, literalmente, a única no mundo com aquele rosto.</p><p>Numerada manualmente, esta é uma edição limitada e exclusiva. Não haverá reedição. Quando esta tiragem acabar, acaba mesmo — e a sua garrafa passa a ser, também ela, uma peça de coleção.</p><p><em>Autêntica e única. Como você.</em></p><h3>Ficha técnica</h3><ul><li>Tipo de bebida: Absinto</li><li>Volume: 70 cl</li><li>Grau alcoólico: 80%</li><li>Edição: Limitada — numerada à mão</li><li>Técnica da garrafa: Acrílico, esmalte, óleo, spray, silicone</li><li>Artista: Shazequin</li></ul><p><strong>Confirmação de idade obrigatória antes da compra. Venda proibida a menores de 18 anos. Consuma com responsabilidade.</strong></p>",KULTU by Shazequin,Absinto,"kultu, absinto, edição limitada, peça única, pintado à mão",FALSE,Title,Default Title,KULTU-075,shopify,1,deny,manual,0.00,TRUE,TRUE,https://raw.githubusercontent.com/antonio-p-sousa/expand/main/assets/produtos/kultu-075.jpg,1,"Garrafa KULTU by Shazequin N.º 75 — absinto de edição limitada, caveira pintada à mão",draft,75,"[LENDA — texto próprio desta caveira, opcional]"
kultu-076,KULTU N.º 076,"<p><em>Cada caveira é uma obra de arte. Cada garrafa, um brinde à vida. Absinto de edição limitada, assinado por Shazequin.</em></p><p>Esta garrafa não saiu de uma linha de produção — saiu das mãos de Shazequin.</p><p>Inspirada no Día de Los Muertos, a caveira Kultu não celebra a morte: celebra a memória, a alegria e a vida que continua. Cada peça é pintada individualmente à mão, com técnica mista — acrílico, esmalte, óleo e spray, contorno de silicone e uma seleção própria de acessórios — o que garante que a sua garrafa é, literalmente, a única no mundo com aquele rosto.</p><p>Numerada manualmente, esta é uma edição limitada e exclusiva. Não haverá reedição. Quando esta tiragem acabar, acaba mesmo — e a sua garrafa passa a ser, também ela, uma peça de coleção.</p><p><em>Autêntica e única. Como você.</em></p><h3>Ficha técnica</h3><ul><li>Tipo de bebida: Absinto</li><li>Volume: 70 cl</li><li>Grau alcoólico: 80%</li><li>Edição: Limitada — numerada à mão</li><li>Técnica da garrafa: Acrílico, esmalte, óleo, spray, silicone</li><li>Artista: Shazequin</li></ul><p><strong>Confirmação de idade obrigatória antes da compra. Venda proibida a menores de 18 anos. Consuma com responsabilidade.</strong></p>",KULTU by Shazequin,Absinto,"kultu, absinto, edição limitada, peça única, pintado à mão",FALSE,Title,Default Title,KULTU-076,shopify,1,deny,manual,0.00,TRUE,TRUE,https://raw.githubusercontent.com/antonio-p-sousa/expand/main/assets/produtos/kultu-076.jpg,1,"Garrafa KULTU by Shazequin N.º 76 — absinto de edição limitada, caveira pintada à mão",draft,76,"[LENDA — texto próprio desta caveira, opcional]"
kultu-077,KULTU N.º 077,"<p><em>Cada caveira é uma obra de arte. Cada garrafa, um brinde à vida. Absinto de edição limitada, assinado por Shazequin.</em></p><p>Esta garrafa não saiu de uma linha de produção — saiu das mãos de Shazequin.</p><p>Inspirada no Día de Los Muertos, a caveira Kultu não celebra a morte: celebra a memória, a alegria e a vida que continua. Cada peça é pintada individualmente à mão, com técnica mista — acrílico, esmalte, óleo e spray, contorno de silicone e uma seleção própria de acessórios — o que garante que a sua garrafa é, literalmente, a única no mundo com aquele rosto.</p><p>Numerada manualmente, esta é uma edição limitada e exclusiva. Não haverá reedição. Quando esta tiragem acabar, acaba mesmo — e a sua garrafa passa a ser, também ela, uma peça de coleção.</p><p><em>Autêntica e única. Como você.</em></p><h3>Ficha técnica</h3><ul><li>Tipo de bebida: Absinto</li><li>Volume: 70 cl</li><li>Grau alcoólico: 80%</li><li>Edição: Limitada — numerada à mão</li><li>Técnica da garrafa: Acrílico, esmalte, óleo, spray, silicone</li><li>Artista: Shazequin</li></ul><p><strong>Confirmação de idade obrigatória antes da compra. Venda proibida a menores de 18 anos. Consuma com responsabilidade.</strong></p>",KULTU by Shazequin,Absinto,"kultu, absinto, edição limitada, peça única, pintado à mão",FALSE,Title,Default Title,KULTU-077,shopify,1,deny,manual,0.00,TRUE,TRUE,https://raw.githubusercontent.com/antonio-p-sousa/expand/main/assets/produtos/kultu-077.jpg,1,"Garrafa KULTU by Shazequin N.º 77 — absinto de edição limitada, caveira pintada à mão",draft,77,"[LENDA — texto próprio desta caveira, opcional]"
kultu-078,KULTU N.º 078,"<p><em>Cada caveira é uma obra de arte. Cada garrafa, um brinde à vida. Absinto de edição limitada, assinado por Shazequin.</em></p><p>Esta garrafa não saiu de uma linha de produção — saiu das mãos de Shazequin.</p><p>Inspirada no Día de Los Muertos, a caveira Kultu não celebra a morte: celebra a memória, a alegria e a vida que continua. Cada peça é pintada individualmente à mão, com técnica mista — acrílico, esmalte, óleo e spray, contorno de silicone e uma seleção própria de acessórios — o que garante que a sua garrafa é, literalmente, a única no mundo com aquele rosto.</p><p>Numerada manualmente, esta é uma edição limitada e exclusiva. Não haverá reedição. Quando esta tiragem acabar, acaba mesmo — e a sua garrafa passa a ser, também ela, uma peça de coleção.</p><p><em>Autêntica e única. Como você.</em></p><h3>Ficha técnica</h3><ul><li>Tipo de bebida: Absinto</li><li>Volume: 70 cl</li><li>Grau alcoólico: 80%</li><li>Edição: Limitada — numerada à mão</li><li>Técnica da garrafa: Acrílico, esmalte, óleo, spray, silicone</li><li>Artista: Shazequin</li></ul><p><strong>Confirmação de idade obrigatória antes da compra. Venda proibida a menores de 18 anos. Consuma com responsabilidade.</strong></p>",KULTU by Shazequin,Absinto,"kultu, absinto, edição limitada, peça única, pintado à mão",FALSE,Title,Default Title,KULTU-078,shopify,1,deny,manual,0.00,TRUE,TRUE,https://raw.githubusercontent.com/antonio-p-sousa/expand/main/assets/produtos/kultu-078.jpg,1,"Garrafa KULTU by Shazequin N.º 78 — absinto de edição limitada, caveira pintada à mão",draft,78,"[LENDA — texto próprio desta caveira, opcional]"
kultu-079,KULTU N.º 079,"<p><em>Cada caveira é uma obra de arte. Cada garrafa, um brinde à vida. Absinto de edição limitada, assinado por Shazequin.</em></p><p>Esta garrafa não saiu de uma linha de produção — saiu das mãos de Shazequin.</p><p>Inspirada no Día de Los Muertos, a caveira Kultu não celebra a morte: celebra a memória, a alegria e a vida que continua. Cada peça é pintada individualmente à mão, com técnica mista — acrílico, esmalte, óleo e spray, contorno de silicone e uma seleção própria de acessórios — o que garante que a sua garrafa é, literalmente, a única no mundo com aquele rosto.</p><p>Numerada manualmente, esta é uma edição limitada e exclusiva. Não haverá reedição. Quando esta tiragem acabar, acaba mesmo — e a sua garrafa passa a ser, também ela, uma peça de coleção.</p><p><em>Autêntica e única. Como você.</em></p><h3>Ficha técnica</h3><ul><li>Tipo de bebida: Absinto</li><li>Volume: 70 cl</li><li>Grau alcoólico: 80%</li><li>Edição: Limitada — numerada à mão</li><li>Técnica da garrafa: Acrílico, esmalte, óleo, spray, silicone</li><li>Artista: Shazequin</li></ul><p><strong>Confirmação de idade obrigatória antes da compra. Venda proibida a menores de 18 anos. Consuma com responsabilidade.</strong></p>",KULTU by Shazequin,Absinto,"kultu, absinto, edição limitada, peça única, pintado à mão",FALSE,Title,Default Title,KULTU-079,shopify,1,deny,manual,0.00,TRUE,TRUE,https://raw.githubusercontent.com/antonio-p-sousa/expand/main/assets/produtos/kultu-079.jpg,1,"Garrafa KULTU by Shazequin N.º 79 — absinto de edição limitada, caveira pintada à mão",draft,79,"[LENDA — texto próprio desta caveira, opcional]"
kultu-080,KULTU N.º 080,"<p><em>Cada caveira é uma obra de arte. Cada garrafa, um brinde à vida. Absinto de edição limitada, assinado por Shazequin.</em></p><p>Esta garrafa não saiu de uma linha de produção — saiu das mãos de Shazequin.</p><p>Inspirada no Día de Los Muertos, a caveira Kultu não celebra a morte: celebra a memória, a alegria e a vida que continua. Cada peça é pintada individualmente à mão, com técnica mista — acrílico, esmalte, óleo e spray, contorno de silicone e uma seleção própria de acessórios — o que garante que a sua garrafa é, literalmente, a única no mundo com aquele rosto.</p><p>Numerada manualmente, esta é uma edição limitada e exclusiva. Não haverá reedição. Quando esta tiragem acabar, acaba mesmo — e a sua garrafa passa a ser, também ela, uma peça de coleção.</p><p><em>Autêntica e única. Como você.</em></p><h3>Ficha técnica</h3><ul><li>Tipo de bebida: Absinto</li><li>Volume: 70 cl</li><li>Grau alcoólico: 80%</li><li>Edição: Limitada — numerada à mão</li><li>Técnica da garrafa: Acrílico, esmalte, óleo, spray, silicone</li><li>Artista: Shazequin</li></ul><p><strong>Confirmação de idade obrigatória antes da compra. Venda proibida a menores de 18 anos. Consuma com responsabilidade.</strong></p>",KULTU by Shazequin,Absinto,"kultu, absinto, edição limitada, peça única, pintado à mão",FALSE,Title,Default Title,KULTU-080,shopify,1,deny,manual,0.00,TRUE,TRUE,https://raw.githubusercontent.com/antonio-p-sousa/expand/main/assets/produtos/kultu-080.jpg,1,"Garrafa KULTU by Shazequin N.º 80 — absinto de edição limitada, caveira pintada à mão",draft,80,"[LENDA — texto próprio desta caveira, opcional]"
kultu-081,KULTU N.º 081,"<p><em>Cada caveira é uma obra de arte. Cada garrafa, um brinde à vida. Absinto de edição limitada, assinado por Shazequin.</em></p><p>Esta garrafa não saiu de uma linha de produção — saiu das mãos de Shazequin.</p><p>Inspirada no Día de Los Muertos, a caveira Kultu não celebra a morte: celebra a memória, a alegria e a vida que continua. Cada peça é pintada individualmente à mão, com técnica mista — acrílico, esmalte, óleo e spray, contorno de silicone e uma seleção própria de acessórios — o que garante que a sua garrafa é, literalmente, a única no mundo com aquele rosto.</p><p>Numerada manualmente, esta é uma edição limitada e exclusiva. Não haverá reedição. Quando esta tiragem acabar, acaba mesmo — e a sua garrafa passa a ser, também ela, uma peça de coleção.</p><p><em>Autêntica e única. Como você.</em></p><h3>Ficha técnica</h3><ul><li>Tipo de bebida: Absinto</li><li>Volume: 70 cl</li><li>Grau alcoólico: 80%</li><li>Edição: Limitada — numerada à mão</li><li>Técnica da garrafa: Acrílico, esmalte, óleo, spray, silicone</li><li>Artista: Shazequin</li></ul><p><strong>Confirmação de idade obrigatória antes da compra. Venda proibida a menores de 18 anos. Consuma com responsabilidade.</strong></p>",KULTU by Shazequin,Absinto,"kultu, absinto, edição limitada, peça única, pintado à mão",FALSE,Title,Default Title,KULTU-081,shopify,1,deny,manual,0.00,TRUE,TRUE,https://raw.githubusercontent.com/antonio-p-sousa/expand/main/assets/produtos/kultu-081.jpg,1,"Garrafa KULTU by Shazequin N.º 81 — absinto de edição limitada, caveira pintada à mão",draft,81,"[LENDA — texto próprio desta caveira, opcional]"
kultu-082,KULTU N.º 082,"<p><em>Cada caveira é uma obra de arte. Cada garrafa, um brinde à vida. Absinto de edição limitada, assinado por Shazequin.</em></p><p>Esta garrafa não saiu de uma linha de produção — saiu das mãos de Shazequin.</p><p>Inspirada no Día de Los Muertos, a caveira Kultu não celebra a morte: celebra a memória, a alegria e a vida que continua. Cada peça é pintada individualmente à mão, com técnica mista — acrílico, esmalte, óleo e spray, contorno de silicone e uma seleção própria de acessórios — o que garante que a sua garrafa é, literalmente, a única no mundo com aquele rosto.</p><p>Numerada manualmente, esta é uma edição limitada e exclusiva. Não haverá reedição. Quando esta tiragem acabar, acaba mesmo — e a sua garrafa passa a ser, também ela, uma peça de coleção.</p><p><em>Autêntica e única. Como você.</em></p><h3>Ficha técnica</h3><ul><li>Tipo de bebida: Absinto</li><li>Volume: 70 cl</li><li>Grau alcoólico: 80%</li><li>Edição: Limitada — numerada à mão</li><li>Técnica da garrafa: Acrílico, esmalte, óleo, spray, silicone</li><li>Artista: Shazequin</li></ul><p><strong>Confirmação de idade obrigatória antes da compra. Venda proibida a menores de 18 anos. Consuma com responsabilidade.</strong></p>",KULTU by Shazequin,Absinto,"kultu, absinto, edição limitada, peça única, pintado à mão",FALSE,Title,Default Title,KULTU-082,shopify,1,deny,manual,0.00,TRUE,TRUE,https://raw.githubusercontent.com/antonio-p-sousa/expand/main/assets/produtos/kultu-082.jpg,1,"Garrafa KULTU by Shazequin N.º 82 — absinto de edição limitada, caveira pintada à mão",draft,82,"[LENDA — texto próprio desta caveira, opcional]"
kultu-083,KULTU N.º 083,"<p><em>Cada caveira é uma obra de arte. Cada garrafa, um brinde à vida. Absinto de edição limitada, assinado por Shazequin.</em></p><p>Esta garrafa não saiu de uma linha de produção — saiu das mãos de Shazequin.</p><p>Inspirada no Día de Los Muertos, a caveira Kultu não celebra a morte: celebra a memória, a alegria e a vida que continua. Cada peça é pintada individualmente à mão, com técnica mista — acrílico, esmalte, óleo e spray, contorno de silicone e uma seleção própria de acessórios — o que garante que a sua garrafa é, literalmente, a única no mundo com aquele rosto.</p><p>Numerada manualmente, esta é uma edição limitada e exclusiva. Não haverá reedição. Quando esta tiragem acabar, acaba mesmo — e a sua garrafa passa a ser, também ela, uma peça de coleção.</p><p><em>Autêntica e única. Como você.</em></p><h3>Ficha técnica</h3><ul><li>Tipo de bebida: Absinto</li><li>Volume: 70 cl</li><li>Grau alcoólico: 80%</li><li>Edição: Limitada — numerada à mão</li><li>Técnica da garrafa: Acrílico, esmalte, óleo, spray, silicone</li><li>Artista: Shazequin</li></ul><p><strong>Confirmação de idade obrigatória antes da compra. Venda proibida a menores de 18 anos. Consuma com responsabilidade.</strong></p>",KULTU by Shazequin,Absinto,"kultu, absinto, edição limitada, peça única, pintado à mão",FALSE,Title,Default Title,KULTU-083,shopify,1,deny,manual,0.00,TRUE,TRUE,https://raw.githubusercontent.com/antonio-p-sousa/expand/main/assets/produtos/kultu-083.jpg,1,"Garrafa KULTU by Shazequin N.º 83 — absinto de edição limitada, caveira pintada à mão",draft,83,"[LENDA — texto próprio desta caveira, opcional]"
kultu-084,KULTU N.º 084,"<p><em>Cada caveira é uma obra de arte. Cada garrafa, um brinde à vida. Absinto de edição limitada, assinado por Shazequin.</em></p><p>Esta garrafa não saiu de uma linha de produção — saiu das mãos de Shazequin.</p><p>Inspirada no Día de Los Muertos, a caveira Kultu não celebra a morte: celebra a memória, a alegria e a vida que continua. Cada peça é pintada individualmente à mão, com técnica mista — acrílico, esmalte, óleo e spray, contorno de silicone e uma seleção própria de acessórios — o que garante que a sua garrafa é, literalmente, a única no mundo com aquele rosto.</p><p>Numerada manualmente, esta é uma edição limitada e exclusiva. Não haverá reedição. Quando esta tiragem acabar, acaba mesmo — e a sua garrafa passa a ser, também ela, uma peça de coleção.</p><p><em>Autêntica e única. Como você.</em></p><h3>Ficha técnica</h3><ul><li>Tipo de bebida: Absinto</li><li>Volume: 70 cl</li><li>Grau alcoólico: 80%</li><li>Edição: Limitada — numerada à mão</li><li>Técnica da garrafa: Acrílico, esmalte, óleo, spray, silicone</li><li>Artista: Shazequin</li></ul><p><strong>Confirmação de idade obrigatória antes da compra. Venda proibida a menores de 18 anos. Consuma com responsabilidade.</strong></p>",KULTU by Shazequin,Absinto,"kultu, absinto, edição limitada, peça única, pintado à mão",FALSE,Title,Default Title,KULTU-084,shopify,1,deny,manual,0.00,TRUE,TRUE,https://raw.githubusercontent.com/antonio-p-sousa/expand/main/assets/produtos/kultu-084.jpg,1,"Garrafa KULTU by Shazequin N.º 84 — absinto de edição limitada, caveira pintada à mão",draft,84,"[LENDA — texto próprio desta caveira, opcional]"
kultu-085,KULTU N.º 085,"<p><em>Cada caveira é uma obra de arte. Cada garrafa, um brinde à vida. Absinto de edição limitada, assinado por Shazequin.</em></p><p>Esta garrafa não saiu de uma linha de produção — saiu das mãos de Shazequin.</p><p>Inspirada no Día de Los Muertos, a caveira Kultu não celebra a morte: celebra a memória, a alegria e a vida que continua. Cada peça é pintada individualmente à mão, com técnica mista — acrílico, esmalte, óleo e spray, contorno de silicone e uma seleção própria de acessórios — o que garante que a sua garrafa é, literalmente, a única no mundo com aquele rosto.</p><p>Numerada manualmente, esta é uma edição limitada e exclusiva. Não haverá reedição. Quando esta tiragem acabar, acaba mesmo — e a sua garrafa passa a ser, também ela, uma peça de coleção.</p><p><em>Autêntica e única. Como você.</em></p><h3>Ficha técnica</h3><ul><li>Tipo de bebida: Absinto</li><li>Volume: 70 cl</li><li>Grau alcoólico: 80%</li><li>Edição: Limitada — numerada à mão</li><li>Técnica da garrafa: Acrílico, esmalte, óleo, spray, silicone</li><li>Artista: Shazequin</li></ul><p><strong>Confirmação de idade obrigatória antes da compra. Venda proibida a menores de 18 anos. Consuma com responsabilidade.</strong></p>",KULTU by Shazequin,Absinto,"kultu, absinto, edição limitada, peça única, pintado à mão",FALSE,Title,Default Title,KULTU-085,shopify,1,deny,manual,0.00,TRUE,TRUE,https://raw.githubusercontent.com/antonio-p-sousa/expand/main/assets/produtos/kultu-085.jpg,1,"Garrafa KULTU by Shazequin N.º 85 — absinto de edição limitada, caveira pintada à mão",draft,85,"[LENDA — texto próprio desta caveira, opcional]"
kultu-086,KULTU N.º 086,"<p><em>Cada caveira é uma obra de arte. Cada garrafa, um brinde à vida. Absinto de edição limitada, assinado por Shazequin.</em></p><p>Esta garrafa não saiu de uma linha de produção — saiu das mãos de Shazequin.</p><p>Inspirada no Día de Los Muertos, a caveira Kultu não celebra a morte: celebra a memória, a alegria e a vida que continua. Cada peça é pintada individualmente à mão, com técnica mista — acrílico, esmalte, óleo e spray, contorno de silicone e uma seleção própria de acessórios — o que garante que a sua garrafa é, literalmente, a única no mundo com aquele rosto.</p><p>Numerada manualmente, esta é uma edição limitada e exclusiva. Não haverá reedição. Quando esta tiragem acabar, acaba mesmo — e a sua garrafa passa a ser, também ela, uma peça de coleção.</p><p><em>Autêntica e única. Como você.</em></p><h3>Ficha técnica</h3><ul><li>Tipo de bebida: Absinto</li><li>Volume: 70 cl</li><li>Grau alcoólico: 80%</li><li>Edição: Limitada — numerada à mão</li><li>Técnica da garrafa: Acrílico, esmalte, óleo, spray, silicone</li><li>Artista: Shazequin</li></ul><p><strong>Confirmação de idade obrigatória antes da compra. Venda proibida a menores de 18 anos. Consuma com responsabilidade.</strong></p>",KULTU by Shazequin,Absinto,"kultu, absinto, edição limitada, peça única, pintado à mão",FALSE,Title,Default Title,KULTU-086,shopify,1,deny,manual,0.00,TRUE,TRUE,https://raw.githubusercontent.com/antonio-p-sousa/expand/main/assets/produtos/kultu-086.jpg,1,"Garrafa KULTU by Shazequin N.º 86 — absinto de edição limitada, caveira pintada à mão",draft,86,"[LENDA — texto próprio desta caveira, opcional]"
kultu-087,KULTU N.º 087,"<p><em>Cada caveira é uma obra de arte. Cada garrafa, um brinde à vida. Absinto de edição limitada, assinado por Shazequin.</em></p><p>Esta garrafa não saiu de uma linha de produção — saiu das mãos de Shazequin.</p><p>Inspirada no Día de Los Muertos, a caveira Kultu não celebra a morte: celebra a memória, a alegria e a vida que continua. Cada peça é pintada individualmente à mão, com técnica mista — acrílico, esmalte, óleo e spray, contorno de silicone e uma seleção própria de acessórios — o que garante que a sua garrafa é, literalmente, a única no mundo com aquele rosto.</p><p>Numerada manualmente, esta é uma edição limitada e exclusiva. Não haverá reedição. Quando esta tiragem acabar, acaba mesmo — e a sua garrafa passa a ser, também ela, uma peça de coleção.</p><p><em>Autêntica e única. Como você.</em></p><h3>Ficha técnica</h3><ul><li>Tipo de bebida: Absinto</li><li>Volume: 70 cl</li><li>Grau alcoólico: 80%</li><li>Edição: Limitada — numerada à mão</li><li>Técnica da garrafa: Acrílico, esmalte, óleo, spray, silicone</li><li>Artista: Shazequin</li></ul><p><strong>Confirmação de idade obrigatória antes da compra. Venda proibida a menores de 18 anos. Consuma com responsabilidade.</strong></p>",KULTU by Shazequin,Absinto,"kultu, absinto, edição limitada, peça única, pintado à mão",FALSE,Title,Default Title,KULTU-087,shopify,1,deny,manual,0.00,TRUE,TRUE,https://raw.githubusercontent.com/antonio-p-sousa/expand/main/assets/produtos/kultu-087.jpg,1,"Garrafa KULTU by Shazequin N.º 87 — absinto de edição limitada, caveira pintada à mão",draft,87,"[LENDA — texto próprio desta caveira, opcional]"
kultu-088,KULTU N.º 088,"<p><em>Cada caveira é uma obra de arte. Cada garrafa, um brinde à vida. Absinto de edição limitada, assinado por Shazequin.</em></p><p>Esta garrafa não saiu de uma linha de produção — saiu das mãos de Shazequin.</p><p>Inspirada no Día de Los Muertos, a caveira Kultu não celebra a morte: celebra a memória, a alegria e a vida que continua. Cada peça é pintada individualmente à mão, com técnica mista — acrílico, esmalte, óleo e spray, contorno de silicone e uma seleção própria de acessórios — o que garante que a sua garrafa é, literalmente, a única no mundo com aquele rosto.</p><p>Numerada manualmente, esta é uma edição limitada e exclusiva. Não haverá reedição. Quando esta tiragem acabar, acaba mesmo — e a sua garrafa passa a ser, também ela, uma peça de coleção.</p><p><em>Autêntica e única. Como você.</em></p><h3>Ficha técnica</h3><ul><li>Tipo de bebida: Absinto</li><li>Volume: 70 cl</li><li>Grau alcoólico: 80%</li><li>Edição: Limitada — numerada à mão</li><li>Técnica da garrafa: Acrílico, esmalte, óleo, spray, silicone</li><li>Artista: Shazequin</li></ul><p><strong>Confirmação de idade obrigatória antes da compra. Venda proibida a menores de 18 anos. Consuma com responsabilidade.</strong></p>",KULTU by Shazequin,Absinto,"kultu, absinto, edição limitada, peça única, pintado à mão",FALSE,Title,Default Title,KULTU-088,shopify,1,deny,manual,0.00,TRUE,TRUE,https://raw.githubusercontent.com/antonio-p-sousa/expand/main/assets/produtos/kultu-088.jpg,1,"Garrafa KULTU by Shazequin N.º 88 — absinto de edição limitada, caveira pintada à mão",draft,88,"[LENDA — texto próprio desta caveira, opcional]"
kultu-089,KULTU N.º 089,"<p><em>Cada caveira é uma obra de arte. Cada garrafa, um brinde à vida. Absinto de edição limitada, assinado por Shazequin.</em></p><p>Esta garrafa não saiu de uma linha de produção — saiu das mãos de Shazequin.</p><p>Inspirada no Día de Los Muertos, a caveira Kultu não celebra a morte: celebra a memória, a alegria e a vida que continua. Cada peça é pintada individualmente à mão, com técnica mista — acrílico, esmalte, óleo e spray, contorno de silicone e uma seleção própria de acessórios — o que garante que a sua garrafa é, literalmente, a única no mundo com aquele rosto.</p><p>Numerada manualmente, esta é uma edição limitada e exclusiva. Não haverá reedição. Quando esta tiragem acabar, acaba mesmo — e a sua garrafa passa a ser, também ela, uma peça de coleção.</p><p><em>Autêntica e única. Como você.</em></p><h3>Ficha técnica</h3><ul><li>Tipo de bebida: Absinto</li><li>Volume: 70 cl</li><li>Grau alcoólico: 80%</li><li>Edição: Limitada — numerada à mão</li><li>Técnica da garrafa: Acrílico, esmalte, óleo, spray, silicone</li><li>Artista: Shazequin</li></ul><p><strong>Confirmação de idade obrigatória antes da compra. Venda proibida a menores de 18 anos. Consuma com responsabilidade.</strong></p>",KULTU by Shazequin,Absinto,"kultu, absinto, edição limitada, peça única, pintado à mão",FALSE,Title,Default Title,KULTU-089,shopify,1,deny,manual,0.00,TRUE,TRUE,https://raw.githubusercontent.com/antonio-p-sousa/expand/main/assets/produtos/kultu-089.jpg,1,"Garrafa KULTU by Shazequin N.º 89 — absinto de edição limitada, caveira pintada à mão",draft,89,"[LENDA — texto próprio desta caveira, opcional]"
kultu-090,KULTU N.º 090,"<p><em>Cada caveira é uma obra de arte. Cada garrafa, um brinde à vida. Absinto de edição limitada, assinado por Shazequin.</em></p><p>Esta garrafa não saiu de uma linha de produção — saiu das mãos de Shazequin.</p><p>Inspirada no Día de Los Muertos, a caveira Kultu não celebra a morte: celebra a memória, a alegria e a vida que continua. Cada peça é pintada individualmente à mão, com técnica mista — acrílico, esmalte, óleo e spray, contorno de silicone e uma seleção própria de acessórios — o que garante que a sua garrafa é, literalmente, a única no mundo com aquele rosto.</p><p>Numerada manualmente, esta é uma edição limitada e exclusiva. Não haverá reedição. Quando esta tiragem acabar, acaba mesmo — e a sua garrafa passa a ser, também ela, uma peça de coleção.</p><p><em>Autêntica e única. Como você.</em></p><h3>Ficha técnica</h3><ul><li>Tipo de bebida: Absinto</li><li>Volume: 70 cl</li><li>Grau alcoólico: 80%</li><li>Edição: Limitada — numerada à mão</li><li>Técnica da garrafa: Acrílico, esmalte, óleo, spray, silicone</li><li>Artista: Shazequin</li></ul><p><strong>Confirmação de idade obrigatória antes da compra. Venda proibida a menores de 18 anos. Consuma com responsabilidade.</strong></p>",KULTU by Shazequin,Absinto,"kultu, absinto, edição limitada, peça única, pintado à mão",FALSE,Title,Default Title,KULTU-090,shopify,1,deny,manual,0.00,TRUE,TRUE,https://raw.githubusercontent.com/antonio-p-sousa/expand/main/assets/produtos/kultu-090.jpg,1,"Garrafa KULTU by Shazequin N.º 90 — absinto de edição limitada, caveira pintada à mão",draft,90,"[LENDA — texto próprio desta caveira, opcional]"
kultu-091,KULTU N.º 091,"<p><em>Cada caveira é uma obra de arte. Cada garrafa, um brinde à vida. Absinto de edição limitada, assinado por Shazequin.</em></p><p>Esta garrafa não saiu de uma linha de produção — saiu das mãos de Shazequin.</p><p>Inspirada no Día de Los Muertos, a caveira Kultu não celebra a morte: celebra a memória, a alegria e a vida que continua. Cada peça é pintada individualmente à mão, com técnica mista — acrílico, esmalte, óleo e spray, contorno de silicone e uma seleção própria de acessórios — o que garante que a sua garrafa é, literalmente, a única no mundo com aquele rosto.</p><p>Numerada manualmente, esta é uma edição limitada e exclusiva. Não haverá reedição. Quando esta tiragem acabar, acaba mesmo — e a sua garrafa passa a ser, também ela, uma peça de coleção.</p><p><em>Autêntica e única. Como você.</em></p><h3>Ficha técnica</h3><ul><li>Tipo de bebida: Absinto</li><li>Volume: 70 cl</li><li>Grau alcoólico: 80%</li><li>Edição: Limitada — numerada à mão</li><li>Técnica da garrafa: Acrílico, esmalte, óleo, spray, silicone</li><li>Artista: Shazequin</li></ul><p><strong>Confirmação de idade obrigatória antes da compra. Venda proibida a menores de 18 anos. Consuma com responsabilidade.</strong></p>",KULTU by Shazequin,Absinto,"kultu, absinto, edição limitada, peça única, pintado à mão",FALSE,Title,Default Title,KULTU-091,shopify,1,deny,manual,0.00,TRUE,TRUE,https://raw.githubusercontent.com/antonio-p-sousa/expand/main/assets/produtos/kultu-091.jpg,1,"Garrafa KULTU by Shazequin N.º 91 — absinto de edição limitada, caveira pintada à mão",draft,91,"[LENDA — texto próprio desta caveira, opcional]"
kultu-092,KULTU N.º 092,"<p><em>Cada caveira é uma obra de arte. Cada garrafa, um brinde à vida. Absinto de edição limitada, assinado por Shazequin.</em></p><p>Esta garrafa não saiu de uma linha de produção — saiu das mãos de Shazequin.</p><p>Inspirada no Día de Los Muertos, a caveira Kultu não celebra a morte: celebra a memória, a alegria e a vida que continua. Cada peça é pintada individualmente à mão, com técnica mista — acrílico, esmalte, óleo e spray, contorno de silicone e uma seleção própria de acessórios — o que garante que a sua garrafa é, literalmente, a única no mundo com aquele rosto.</p><p>Numerada manualmente, esta é uma edição limitada e exclusiva. Não haverá reedição. Quando esta tiragem acabar, acaba mesmo — e a sua garrafa passa a ser, também ela, uma peça de coleção.</p><p><em>Autêntica e única. Como você.</em></p><h3>Ficha técnica</h3><ul><li>Tipo de bebida: Absinto</li><li>Volume: 70 cl</li><li>Grau alcoólico: 80%</li><li>Edição: Limitada — numerada à mão</li><li>Técnica da garrafa: Acrílico, esmalte, óleo, spray, silicone</li><li>Artista: Shazequin</li></ul><p><strong>Confirmação de idade obrigatória antes da compra. Venda proibida a menores de 18 anos. Consuma com responsabilidade.</strong></p>",KULTU by Shazequin,Absinto,"kultu, absinto, edição limitada, peça única, pintado à mão",FALSE,Title,Default Title,KULTU-092,shopify,1,deny,manual,0.00,TRUE,TRUE,https://raw.githubusercontent.com/antonio-p-sousa/expand/main/assets/produtos/kultu-092.jpg,1,"Garrafa KULTU by Shazequin N.º 92 — absinto de edição limitada, caveira pintada à mão",draft,92,"[LENDA — texto próprio desta caveira, opcional]"
kultu-093,KULTU N.º 093,"<p><em>Cada caveira é uma obra de arte. Cada garrafa, um brinde à vida. Absinto de edição limitada, assinado por Shazequin.</em></p><p>Esta garrafa não saiu de uma linha de produção — saiu das mãos de Shazequin.</p><p>Inspirada no Día de Los Muertos, a caveira Kultu não celebra a morte: celebra a memória, a alegria e a vida que continua. Cada peça é pintada individualmente à mão, com técnica mista — acrílico, esmalte, óleo e spray, contorno de silicone e uma seleção própria de acessórios — o que garante que a sua garrafa é, literalmente, a única no mundo com aquele rosto.</p><p>Numerada manualmente, esta é uma edição limitada e exclusiva. Não haverá reedição. Quando esta tiragem acabar, acaba mesmo — e a sua garrafa passa a ser, também ela, uma peça de coleção.</p><p><em>Autêntica e única. Como você.</em></p><h3>Ficha técnica</h3><ul><li>Tipo de bebida: Absinto</li><li>Volume: 70 cl</li><li>Grau alcoólico: 80%</li><li>Edição: Limitada — numerada à mão</li><li>Técnica da garrafa: Acrílico, esmalte, óleo, spray, silicone</li><li>Artista: Shazequin</li></ul><p><strong>Confirmação de idade obrigatória antes da compra. Venda proibida a menores de 18 anos. Consuma com responsabilidade.</strong></p>",KULTU by Shazequin,Absinto,"kultu, absinto, edição limitada, peça única, pintado à mão",FALSE,Title,Default Title,KULTU-093,shopify,1,deny,manual,0.00,TRUE,TRUE,https://raw.githubusercontent.com/antonio-p-sousa/expand/main/assets/produtos/kultu-093.jpg,1,"Garrafa KULTU by Shazequin N.º 93 — absinto de edição limitada, caveira pintada à mão",draft,93,"[LENDA — texto próprio desta caveira, opcional]"
kultu-094,KULTU N.º 094,"<p><em>Cada caveira é uma obra de arte. Cada garrafa, um brinde à vida. Absinto de edição limitada, assinado por Shazequin.</em></p><p>Esta garrafa não saiu de uma linha de produção — saiu das mãos de Shazequin.</p><p>Inspirada no Día de Los Muertos, a caveira Kultu não celebra a morte: celebra a memória, a alegria e a vida que continua. Cada peça é pintada individualmente à mão, com técnica mista — acrílico, esmalte, óleo e spray, contorno de silicone e uma seleção própria de acessórios — o que garante que a sua garrafa é, literalmente, a única no mundo com aquele rosto.</p><p>Numerada manualmente, esta é uma edição limitada e exclusiva. Não haverá reedição. Quando esta tiragem acabar, acaba mesmo — e a sua garrafa passa a ser, também ela, uma peça de coleção.</p><p><em>Autêntica e única. Como você.</em></p><h3>Ficha técnica</h3><ul><li>Tipo de bebida: Absinto</li><li>Volume: 70 cl</li><li>Grau alcoólico: 80%</li><li>Edição: Limitada — numerada à mão</li><li>Técnica da garrafa: Acrílico, esmalte, óleo, spray, silicone</li><li>Artista: Shazequin</li></ul><p><strong>Confirmação de idade obrigatória antes da compra. Venda proibida a menores de 18 anos. Consuma com responsabilidade.</strong></p>",KULTU by Shazequin,Absinto,"kultu, absinto, edição limitada, peça única, pintado à mão",FALSE,Title,Default Title,KULTU-094,shopify,1,deny,manual,0.00,TRUE,TRUE,https://raw.githubusercontent.com/antonio-p-sousa/expand/main/assets/produtos/kultu-094.jpg,1,"Garrafa KULTU by Shazequin N.º 94 — absinto de edição limitada, caveira pintada à mão",draft,94,"[LENDA — texto próprio desta caveira, opcional]"
kultu-095,KULTU N.º 095,"<p><em>Cada caveira é uma obra de arte. Cada garrafa, um brinde à vida. Absinto de edição limitada, assinado por Shazequin.</em></p><p>Esta garrafa não saiu de uma linha de produção — saiu das mãos de Shazequin.</p><p>Inspirada no Día de Los Muertos, a caveira Kultu não celebra a morte: celebra a memória, a alegria e a vida que continua. Cada peça é pintada individualmente à mão, com técnica mista — acrílico, esmalte, óleo e spray, contorno de silicone e uma seleção própria de acessórios — o que garante que a sua garrafa é, literalmente, a única no mundo com aquele rosto.</p><p>Numerada manualmente, esta é uma edição limitada e exclusiva. Não haverá reedição. Quando esta tiragem acabar, acaba mesmo — e a sua garrafa passa a ser, também ela, uma peça de coleção.</p><p><em>Autêntica e única. Como você.</em></p><h3>Ficha técnica</h3><ul><li>Tipo de bebida: Absinto</li><li>Volume: 70 cl</li><li>Grau alcoólico: 80%</li><li>Edição: Limitada — numerada à mão</li><li>Técnica da garrafa: Acrílico, esmalte, óleo, spray, silicone</li><li>Artista: Shazequin</li></ul><p><strong>Confirmação de idade obrigatória antes da compra. Venda proibida a menores de 18 anos. Consuma com responsabilidade.</strong></p>",KULTU by Shazequin,Absinto,"kultu, absinto, edição limitada, peça única, pintado à mão",FALSE,Title,Default Title,KULTU-095,shopify,1,deny,manual,0.00,TRUE,TRUE,https://raw.githubusercontent.com/antonio-p-sousa/expand/main/assets/produtos/kultu-095.jpg,1,"Garrafa KULTU by Shazequin N.º 95 — absinto de edição limitada, caveira pintada à mão",draft,95,"[LENDA — texto próprio desta caveira, opcional]"
kultu-096,KULTU N.º 096,"<p><em>Cada caveira é uma obra de arte. Cada garrafa, um brinde à vida. Absinto de edição limitada, assinado por Shazequin.</em></p><p>Esta garrafa não saiu de uma linha de produção — saiu das mãos de Shazequin.</p><p>Inspirada no Día de Los Muertos, a caveira Kultu não celebra a morte: celebra a memória, a alegria e a vida que continua. Cada peça é pintada individualmente à mão, com técnica mista — acrílico, esmalte, óleo e spray, contorno de silicone e uma seleção própria de acessórios — o que garante que a sua garrafa é, literalmente, a única no mundo com aquele rosto.</p><p>Numerada manualmente, esta é uma edição limitada e exclusiva. Não haverá reedição. Quando esta tiragem acabar, acaba mesmo — e a sua garrafa passa a ser, também ela, uma peça de coleção.</p><p><em>Autêntica e única. Como você.</em></p><h3>Ficha técnica</h3><ul><li>Tipo de bebida: Absinto</li><li>Volume: 70 cl</li><li>Grau alcoólico: 80%</li><li>Edição: Limitada — numerada à mão</li><li>Técnica da garrafa: Acrílico, esmalte, óleo, spray, silicone</li><li>Artista: Shazequin</li></ul><p><strong>Confirmação de idade obrigatória antes da compra. Venda proibida a menores de 18 anos. Consuma com responsabilidade.</strong></p>",KULTU by Shazequin,Absinto,"kultu, absinto, edição limitada, peça única, pintado à mão",FALSE,Title,Default Title,KULTU-096,shopify,1,deny,manual,0.00,TRUE,TRUE,https://raw.githubusercontent.com/antonio-p-sousa/expand/main/assets/produtos/kultu-096.jpg,1,"Garrafa KULTU by Shazequin N.º 96 — absinto de edição limitada, caveira pintada à mão",draft,96,"[LENDA — texto próprio desta caveira, opcional]"
kultu-097,KULTU N.º 097,"<p><em>Cada caveira é uma obra de arte. Cada garrafa, um brinde à vida. Absinto de edição limitada, assinado por Shazequin.</em></p><p>Esta garrafa não saiu de uma linha de produção — saiu das mãos de Shazequin.</p><p>Inspirada no Día de Los Muertos, a caveira Kultu não celebra a morte: celebra a memória, a alegria e a vida que continua. Cada peça é pintada individualmente à mão, com técnica mista — acrílico, esmalte, óleo e spray, contorno de silicone e uma seleção própria de acessórios — o que garante que a sua garrafa é, literalmente, a única no mundo com aquele rosto.</p><p>Numerada manualmente, esta é uma edição limitada e exclusiva. Não haverá reedição. Quando esta tiragem acabar, acaba mesmo — e a sua garrafa passa a ser, também ela, uma peça de coleção.</p><p><em>Autêntica e única. Como você.</em></p><h3>Ficha técnica</h3><ul><li>Tipo de bebida: Absinto</li><li>Volume: 70 cl</li><li>Grau alcoólico: 80%</li><li>Edição: Limitada — numerada à mão</li><li>Técnica da garrafa: Acrílico, esmalte, óleo, spray, silicone</li><li>Artista: Shazequin</li></ul><p><strong>Confirmação de idade obrigatória antes da compra. Venda proibida a menores de 18 anos. Consuma com responsabilidade.</strong></p>",KULTU by Shazequin,Absinto,"kultu, absinto, edição limitada, peça única, pintado à mão",FALSE,Title,Default Title,KULTU-097,shopify,1,deny,manual,0.00,TRUE,TRUE,https://raw.githubusercontent.com/antonio-p-sousa/expand/main/assets/produtos/kultu-097.jpg,1,"Garrafa KULTU by Shazequin N.º 97 — absinto de edição limitada, caveira pintada à mão",draft,97,"[LENDA — texto próprio desta caveira, opcional]"
kultu-098,KULTU N.º 098,"<p><em>Cada caveira é uma obra de arte. Cada garrafa, um brinde à vida. Absinto de edição limitada, assinado por Shazequin.</em></p><p>Esta garrafa não saiu de uma linha de produção — saiu das mãos de Shazequin.</p><p>Inspirada no Día de Los Muertos, a caveira Kultu não celebra a morte: celebra a memória, a alegria e a vida que continua. Cada peça é pintada individualmente à mão, com técnica mista — acrílico, esmalte, óleo e spray, contorno de silicone e uma seleção própria de acessórios — o que garante que a sua garrafa é, literalmente, a única no mundo com aquele rosto.</p><p>Numerada manualmente, esta é uma edição limitada e exclusiva. Não haverá reedição. Quando esta tiragem acabar, acaba mesmo — e a sua garrafa passa a ser, também ela, uma peça de coleção.</p><p><em>Autêntica e única. Como você.</em></p><h3>Ficha técnica</h3><ul><li>Tipo de bebida: Absinto</li><li>Volume: 70 cl</li><li>Grau alcoólico: 80%</li><li>Edição: Limitada — numerada à mão</li><li>Técnica da garrafa: Acrílico, esmalte, óleo, spray, silicone</li><li>Artista: Shazequin</li></ul><p><strong>Confirmação de idade obrigatória antes da compra. Venda proibida a menores de 18 anos. Consuma com responsabilidade.</strong></p>",KULTU by Shazequin,Absinto,"kultu, absinto, edição limitada, peça única, pintado à mão",FALSE,Title,Default Title,KULTU-098,shopify,1,deny,manual,0.00,TRUE,TRUE,https://raw.githubusercontent.com/antonio-p-sousa/expand/main/assets/produtos/kultu-098.jpg,1,"Garrafa KULTU by Shazequin N.º 98 — absinto de edição limitada, caveira pintada à mão",draft,98,"[LENDA — texto próprio desta caveira, opcional]"
kultu-099,KULTU N.º 099,"<p><em>Cada caveira é uma obra de arte. Cada garrafa, um brinde à vida. Absinto de edição limitada, assinado por Shazequin.</em></p><p>Esta garrafa não saiu de uma linha de produção — saiu das mãos de Shazequin.</p><p>Inspirada no Día de Los Muertos, a caveira Kultu não celebra a morte: celebra a memória, a alegria e a vida que continua. Cada peça é pintada individualmente à mão, com técnica mista — acrílico, esmalte, óleo e spray, contorno de silicone e uma seleção própria de acessórios — o que garante que a sua garrafa é, literalmente, a única no mundo com aquele rosto.</p><p>Numerada manualmente, esta é uma edição limitada e exclusiva. Não haverá reedição. Quando esta tiragem acabar, acaba mesmo — e a sua garrafa passa a ser, também ela, uma peça de coleção.</p><p><em>Autêntica e única. Como você.</em></p><h3>Ficha técnica</h3><ul><li>Tipo de bebida: Absinto</li><li>Volume: 70 cl</li><li>Grau alcoólico: 80%</li><li>Edição: Limitada — numerada à mão</li><li>Técnica da garrafa: Acrílico, esmalte, óleo, spray, silicone</li><li>Artista: Shazequin</li></ul><p><strong>Confirmação de idade obrigatória antes da compra. Venda proibida a menores de 18 anos. Consuma com responsabilidade.</strong></p>",KULTU by Shazequin,Absinto,"kultu, absinto, edição limitada, peça única, pintado à mão",FALSE,Title,Default Title,KULTU-099,shopify,1,deny,manual,0.00,TRUE,TRUE,https://raw.githubusercontent.com/antonio-p-sousa/expand/main/assets/produtos/kultu-099.jpg,1,"Garrafa KULTU by Shazequin N.º 99 — absinto de edição limitada, caveira pintada à mão",draft,99,"[LENDA — texto próprio desta caveira, opcional]"
kultu-100,KULTU N.º 100,"<p><em>Cada caveira é uma obra de arte. Cada garrafa, um brinde à vida. Absinto de edição limitada, assinado por Shazequin.</em></p><p>Esta garrafa não saiu de uma linha de produção — saiu das mãos de Shazequin.</p><p>Inspirada no Día de Los Muertos, a caveira Kultu não celebra a morte: celebra a memória, a alegria e a vida que continua. Cada peça é pintada individualmente à mão, com técnica mista — acrílico, esmalte, óleo e spray, contorno de silicone e uma seleção própria de acessórios — o que garante que a sua garrafa é, literalmente, a única no mundo com aquele rosto.</p><p>Numerada manualmente, esta é uma edição limitada e exclusiva. Não haverá reedição. Quando esta tiragem acabar, acaba mesmo — e a sua garrafa passa a ser, também ela, uma peça de coleção.</p><p><em>Autêntica e única. Como você.</em></p><h3>Ficha técnica</h3><ul><li>Tipo de bebida: Absinto</li><li>Volume: 70 cl</li><li>Grau alcoólico: 80%</li><li>Edição: Limitada — numerada à mão</li><li>Técnica da garrafa: Acrílico, esmalte, óleo, spray, silicone</li><li>Artista: Shazequin</li></ul><p><strong>Confirmação de idade obrigatória antes da compra. Venda proibida a menores de 18 anos. Consuma com responsabilidade.</strong></p>",KULTU by Shazequin,Absinto,"kultu, absinto, edição limitada, peça única, pintado à mão",FALSE,Title,Default Title,KULTU-100,shopify,1,deny,manual,0.00,TRUE,TRUE,https://raw.githubusercontent.com/antonio-p-sousa/expand/main/assets/produtos/kultu-100.jpg,1,"Garrafa KULTU by Shazequin N.º 100 — absinto de edição limitada, caveira pintada à mão",draft,100,"[LENDA — texto próprio desta caveira, opcional]"
kultu-101,KULTU N.º 101,"<p><em>Cada caveira é uma obra de arte. Cada garrafa, um brinde à vida. Absinto de edição limitada, assinado por Shazequin.</em></p><p>Esta garrafa não saiu de uma linha de produção — saiu das mãos de Shazequin.</p><p>Inspirada no Día de Los Muertos, a caveira Kultu não celebra a morte: celebra a memória, a alegria e a vida que continua. Cada peça é pintada individualmente à mão, com técnica mista — acrílico, esmalte, óleo e spray, contorno de silicone e uma seleção própria de acessórios — o que garante que a sua garrafa é, literalmente, a única no mundo com aquele rosto.</p><p>Numerada manualmente, esta é uma edição limitada e exclusiva. Não haverá reedição. Quando esta tiragem acabar, acaba mesmo — e a sua garrafa passa a ser, também ela, uma peça de coleção.</p><p><em>Autêntica e única. Como você.</em></p><h3>Ficha técnica</h3><ul><li>Tipo de bebida: Absinto</li><li>Volume: 70 cl</li><li>Grau alcoólico: 80%</li><li>Edição: Limitada — numerada à mão</li><li>Técnica da garrafa: Acrílico, esmalte, óleo, spray, silicone</li><li>Artista: Shazequin</li></ul><p><strong>Confirmação de idade obrigatória antes da compra. Venda proibida a menores de 18 anos. Consuma com responsabilidade.</strong></p>",KULTU by Shazequin,Absinto,"kultu, absinto, edição limitada, peça única, pintado à mão",FALSE,Title,Default Title,KULTU-101,shopify,1,deny,manual,0.00,TRUE,TRUE,https://raw.githubusercontent.com/antonio-p-sousa/expand/main/assets/produtos/kultu-101.jpg,1,"Garrafa KULTU by Shazequin N.º 101 — absinto de edição limitada, caveira pintada à mão",draft,101,"[LENDA — texto próprio desta caveira, opcional]"
kultu-102,KULTU N.º 102,"<p><em>Cada caveira é uma obra de arte. Cada garrafa, um brinde à vida. Absinto de edição limitada, assinado por Shazequin.</em></p><p>Esta garrafa não saiu de uma linha de produção — saiu das mãos de Shazequin.</p><p>Inspirada no Día de Los Muertos, a caveira Kultu não celebra a morte: celebra a memória, a alegria e a vida que continua. Cada peça é pintada individualmente à mão, com técnica mista — acrílico, esmalte, óleo e spray, contorno de silicone e uma seleção própria de acessórios — o que garante que a sua garrafa é, literalmente, a única no mundo com aquele rosto.</p><p>Numerada manualmente, esta é uma edição limitada e exclusiva. Não haverá reedição. Quando esta tiragem acabar, acaba mesmo — e a sua garrafa passa a ser, também ela, uma peça de coleção.</p><p><em>Autêntica e única. Como você.</em></p><h3>Ficha técnica</h3><ul><li>Tipo de bebida: Absinto</li><li>Volume: 70 cl</li><li>Grau alcoólico: 80%</li><li>Edição: Limitada — numerada à mão</li><li>Técnica da garrafa: Acrílico, esmalte, óleo, spray, silicone</li><li>Artista: Shazequin</li></ul><p><strong>Confirmação de idade obrigatória antes da compra. Venda proibida a menores de 18 anos. Consuma com responsabilidade.</strong></p>",KULTU by Shazequin,Absinto,"kultu, absinto, edição limitada, peça única, pintado à mão",FALSE,Title,Default Title,KULTU-102,shopify,1,deny,manual,0.00,TRUE,TRUE,https://raw.githubusercontent.com/antonio-p-sousa/expand/main/assets/produtos/kultu-102.jpg,1,"Garrafa KULTU by Shazequin N.º 102 — absinto de edição limitada, caveira pintada à mão",draft,102,"[LENDA — texto próprio desta caveira, opcional]"
kultu-103,KULTU N.º 103,"<p><em>Cada caveira é uma obra de arte. Cada garrafa, um brinde à vida. Absinto de edição limitada, assinado por Shazequin.</em></p><p>Esta garrafa não saiu de uma linha de produção — saiu das mãos de Shazequin.</p><p>Inspirada no Día de Los Muertos, a caveira Kultu não celebra a morte: celebra a memória, a alegria e a vida que continua. Cada peça é pintada individualmente à mão, com técnica mista — acrílico, esmalte, óleo e spray, contorno de silicone e uma seleção própria de acessórios — o que garante que a sua garrafa é, literalmente, a única no mundo com aquele rosto.</p><p>Numerada manualmente, esta é uma edição limitada e exclusiva. Não haverá reedição. Quando esta tiragem acabar, acaba mesmo — e a sua garrafa passa a ser, também ela, uma peça de coleção.</p><p><em>Autêntica e única. Como você.</em></p><h3>Ficha técnica</h3><ul><li>Tipo de bebida: Absinto</li><li>Volume: 70 cl</li><li>Grau alcoólico: 80%</li><li>Edição: Limitada — numerada à mão</li><li>Técnica da garrafa: Acrílico, esmalte, óleo, spray, silicone</li><li>Artista: Shazequin</li></ul><p><strong>Confirmação de idade obrigatória antes da compra. Venda proibida a menores de 18 anos. Consuma com responsabilidade.</strong></p>",KULTU by Shazequin,Absinto,"kultu, absinto, edição limitada, peça única, pintado à mão",FALSE,Title,Default Title,KULTU-103,shopify,1,deny,manual,0.00,TRUE,TRUE,https://raw.githubusercontent.com/antonio-p-sousa/expand/main/assets/produtos/kultu-103.jpg,1,"Garrafa KULTU by Shazequin N.º 103 — absinto de edição limitada, caveira pintada à mão",draft,103,"[LENDA — texto próprio desta caveira, opcional]"
kultu-104,KULTU N.º 104,"<p><em>Cada caveira é uma obra de arte. Cada garrafa, um brinde à vida. Absinto de edição limitada, assinado por Shazequin.</em></p><p>Esta garrafa não saiu de uma linha de produção — saiu das mãos de Shazequin.</p><p>Inspirada no Día de Los Muertos, a caveira Kultu não celebra a morte: celebra a memória, a alegria e a vida que continua. Cada peça é pintada individualmente à mão, com técnica mista — acrílico, esmalte, óleo e spray, contorno de silicone e uma seleção própria de acessórios — o que garante que a sua garrafa é, literalmente, a única no mundo com aquele rosto.</p><p>Numerada manualmente, esta é uma edição limitada e exclusiva. Não haverá reedição. Quando esta tiragem acabar, acaba mesmo — e a sua garrafa passa a ser, também ela, uma peça de coleção.</p><p><em>Autêntica e única. Como você.</em></p><h3>Ficha técnica</h3><ul><li>Tipo de bebida: Absinto</li><li>Volume: 70 cl</li><li>Grau alcoólico: 80%</li><li>Edição: Limitada — numerada à mão</li><li>Técnica da garrafa: Acrílico, esmalte, óleo, spray, silicone</li><li>Artista: Shazequin</li></ul><p><strong>Confirmação de idade obrigatória antes da compra. Venda proibida a menores de 18 anos. Consuma com responsabilidade.</strong></p>",KULTU by Shazequin,Absinto,"kultu, absinto, edição limitada, peça única, pintado à mão",FALSE,Title,Default Title,KULTU-104,shopify,1,deny,manual,0.00,TRUE,TRUE,https://raw.githubusercontent.com/antonio-p-sousa/expand/main/assets/produtos/kultu-104.jpg,1,"Garrafa KULTU by Shazequin N.º 104 — absinto de edição limitada, caveira pintada à mão",draft,104,"[LENDA — texto próprio desta caveira, opcional]"
kultu-105,KULTU N.º 105,"<p><em>Cada caveira é uma obra de arte. Cada garrafa, um brinde à vida. Absinto de edição limitada, assinado por Shazequin.</em></p><p>Esta garrafa não saiu de uma linha de produção — saiu das mãos de Shazequin.</p><p>Inspirada no Día de Los Muertos, a caveira Kultu não celebra a morte: celebra a memória, a alegria e a vida que continua. Cada peça é pintada individualmente à mão, com técnica mista — acrílico, esmalte, óleo e spray, contorno de silicone e uma seleção própria de acessórios — o que garante que a sua garrafa é, literalmente, a única no mundo com aquele rosto.</p><p>Numerada manualmente, esta é uma edição limitada e exclusiva. Não haverá reedição. Quando esta tiragem acabar, acaba mesmo — e a sua garrafa passa a ser, também ela, uma peça de coleção.</p><p><em>Autêntica e única. Como você.</em></p><h3>Ficha técnica</h3><ul><li>Tipo de bebida: Absinto</li><li>Volume: 70 cl</li><li>Grau alcoólico: 80%</li><li>Edição: Limitada — numerada à mão</li><li>Técnica da garrafa: Acrílico, esmalte, óleo, spray, silicone</li><li>Artista: Shazequin</li></ul><p><strong>Confirmação de idade obrigatória antes da compra. Venda proibida a menores de 18 anos. Consuma com responsabilidade.</strong></p>",KULTU by Shazequin,Absinto,"kultu, absinto, edição limitada, peça única, pintado à mão",FALSE,Title,Default Title,KULTU-105,shopify,1,deny,manual,0.00,TRUE,TRUE,https://raw.githubusercontent.com/antonio-p-sousa/expand/main/assets/produtos/kultu-105.jpg,1,"Garrafa KULTU by Shazequin N.º 105 — absinto de edição limitada, caveira pintada à mão",draft,105,"[LENDA — texto próprio desta caveira, opcional]"
kultu-106,KULTU N.º 106,"<p><em>Cada caveira é uma obra de arte. Cada garrafa, um brinde à vida. Absinto de edição limitada, assinado por Shazequin.</em></p><p>Esta garrafa não saiu de uma linha de produção — saiu das mãos de Shazequin.</p><p>Inspirada no Día de Los Muertos, a caveira Kultu não celebra a morte: celebra a memória, a alegria e a vida que continua. Cada peça é pintada individualmente à mão, com técnica mista — acrílico, esmalte, óleo e spray, contorno de silicone e uma seleção própria de acessórios — o que garante que a sua garrafa é, literalmente, a única no mundo com aquele rosto.</p><p>Numerada manualmente, esta é uma edição limitada e exclusiva. Não haverá reedição. Quando esta tiragem acabar, acaba mesmo — e a sua garrafa passa a ser, também ela, uma peça de coleção.</p><p><em>Autêntica e única. Como você.</em></p><h3>Ficha técnica</h3><ul><li>Tipo de bebida: Absinto</li><li>Volume: 70 cl</li><li>Grau alcoólico: 80%</li><li>Edição: Limitada — numerada à mão</li><li>Técnica da garrafa: Acrílico, esmalte, óleo, spray, silicone</li><li>Artista: Shazequin</li></ul><p><strong>Confirmação de idade obrigatória antes da compra. Venda proibida a menores de 18 anos. Consuma com responsabilidade.</strong></p>",KULTU by Shazequin,Absinto,"kultu, absinto, edição limitada, peça única, pintado à mão",FALSE,Title,Default Title,KULTU-106,shopify,1,deny,manual,0.00,TRUE,TRUE,https://raw.githubusercontent.com/antonio-p-sousa/expand/main/assets/produtos/kultu-106.jpg,1,"Garrafa KULTU by Shazequin N.º 106 — absinto de edição limitada, caveira pintada à mão",draft,106,"[LENDA — texto próprio desta caveira, opcional]"
kultu-107,KULTU N.º 107,"<p><em>Cada caveira é uma obra de arte. Cada garrafa, um brinde à vida. Absinto de edição limitada, assinado por Shazequin.</em></p><p>Esta garrafa não saiu de uma linha de produção — saiu das mãos de Shazequin.</p><p>Inspirada no Día de Los Muertos, a caveira Kultu não celebra a morte: celebra a memória, a alegria e a vida que continua. Cada peça é pintada individualmente à mão, com técnica mista — acrílico, esmalte, óleo e spray, contorno de silicone e uma seleção própria de acessórios — o que garante que a sua garrafa é, literalmente, a única no mundo com aquele rosto.</p><p>Numerada manualmente, esta é uma edição limitada e exclusiva. Não haverá reedição. Quando esta tiragem acabar, acaba mesmo — e a sua garrafa passa a ser, também ela, uma peça de coleção.</p><p><em>Autêntica e única. Como você.</em></p><h3>Ficha técnica</h3><ul><li>Tipo de bebida: Absinto</li><li>Volume: 70 cl</li><li>Grau alcoólico: 80%</li><li>Edição: Limitada — numerada à mão</li><li>Técnica da garrafa: Acrílico, esmalte, óleo, spray, silicone</li><li>Artista: Shazequin</li></ul><p><strong>Confirmação de idade obrigatória antes da compra. Venda proibida a menores de 18 anos. Consuma com responsabilidade.</strong></p>",KULTU by Shazequin,Absinto,"kultu, absinto, edição limitada, peça única, pintado à mão",FALSE,Title,Default Title,KULTU-107,shopify,1,deny,manual,0.00,TRUE,TRUE,https://raw.githubusercontent.com/antonio-p-sousa/expand/main/assets/produtos/kultu-107.jpg,1,"Garrafa KULTU by Shazequin N.º 107 — absinto de edição limitada, caveira pintada à mão",draft,107,"[LENDA — texto próprio desta caveira, opcional]"
kultu-108,KULTU N.º 108,"<p><em>Cada caveira é uma obra de arte. Cada garrafa, um brinde à vida. Absinto de edição limitada, assinado por Shazequin.</em></p><p>Esta garrafa não saiu de uma linha de produção — saiu das mãos de Shazequin.</p><p>Inspirada no Día de Los Muertos, a caveira Kultu não celebra a morte: celebra a memória, a alegria e a vida que continua. Cada peça é pintada individualmente à mão, com técnica mista — acrílico, esmalte, óleo e spray, contorno de silicone e uma seleção própria de acessórios — o que garante que a sua garrafa é, literalmente, a única no mundo com aquele rosto.</p><p>Numerada manualmente, esta é uma edição limitada e exclusiva. Não haverá reedição. Quando esta tiragem acabar, acaba mesmo — e a sua garrafa passa a ser, também ela, uma peça de coleção.</p><p><em>Autêntica e única. Como você.</em></p><h3>Ficha técnica</h3><ul><li>Tipo de bebida: Absinto</li><li>Volume: 70 cl</li><li>Grau alcoólico: 80%</li><li>Edição: Limitada — numerada à mão</li><li>Técnica da garrafa: Acrílico, esmalte, óleo, spray, silicone</li><li>Artista: Shazequin</li></ul><p><strong>Confirmação de idade obrigatória antes da compra. Venda proibida a menores de 18 anos. Consuma com responsabilidade.</strong></p>",KULTU by Shazequin,Absinto,"kultu, absinto, edição limitada, peça única, pintado à mão",FALSE,Title,Default Title,KULTU-108,shopify,1,deny,manual,0.00,TRUE,TRUE,https://raw.githubusercontent.com/antonio-p-sousa/expand/main/assets/produtos/kultu-108.jpg,1,"Garrafa KULTU by Shazequin N.º 108 — absinto de edição limitada, caveira pintada à mão",draft,108,"[LENDA — texto próprio desta caveira, opcional]"
kultu-109,KULTU N.º 109,"<p><em>Cada caveira é uma obra de arte. Cada garrafa, um brinde à vida. Absinto de edição limitada, assinado por Shazequin.</em></p><p>Esta garrafa não saiu de uma linha de produção — saiu das mãos de Shazequin.</p><p>Inspirada no Día de Los Muertos, a caveira Kultu não celebra a morte: celebra a memória, a alegria e a vida que continua. Cada peça é pintada individualmente à mão, com técnica mista — acrílico, esmalte, óleo e spray, contorno de silicone e uma seleção própria de acessórios — o que garante que a sua garrafa é, literalmente, a única no mundo com aquele rosto.</p><p>Numerada manualmente, esta é uma edição limitada e exclusiva. Não haverá reedição. Quando esta tiragem acabar, acaba mesmo — e a sua garrafa passa a ser, também ela, uma peça de coleção.</p><p><em>Autêntica e única. Como você.</em></p><h3>Ficha técnica</h3><ul><li>Tipo de bebida: Absinto</li><li>Volume: 70 cl</li><li>Grau alcoólico: 80%</li><li>Edição: Limitada — numerada à mão</li><li>Técnica da garrafa: Acrílico, esmalte, óleo, spray, silicone</li><li>Artista: Shazequin</li></ul><p><strong>Confirmação de idade obrigatória antes da compra. Venda proibida a menores de 18 anos. Consuma com responsabilidade.</strong></p>",KULTU by Shazequin,Absinto,"kultu, absinto, edição limitada, peça única, pintado à mão",FALSE,Title,Default Title,KULTU-109,shopify,1,deny,manual,0.00,TRUE,TRUE,https://raw.githubusercontent.com/antonio-p-sousa/expand/main/assets/produtos/kultu-109.jpg,1,"Garrafa KULTU by Shazequin N.º 109 — absinto de edição limitada, caveira pintada à mão",draft,109,"[LENDA — texto próprio desta caveira, opcional]"
kultu-110,KULTU N.º 110,"<p><em>Cada caveira é uma obra de arte. Cada garrafa, um brinde à vida. Absinto de edição limitada, assinado por Shazequin.</em></p><p>Esta garrafa não saiu de uma linha de produção — saiu das mãos de Shazequin.</p><p>Inspirada no Día de Los Muertos, a caveira Kultu não celebra a morte: celebra a memória, a alegria e a vida que continua. Cada peça é pintada individualmente à mão, com técnica mista — acrílico, esmalte, óleo e spray, contorno de silicone e uma seleção própria de acessórios — o que garante que a sua garrafa é, literalmente, a única no mundo com aquele rosto.</p><p>Numerada manualmente, esta é uma edição limitada e exclusiva. Não haverá reedição. Quando esta tiragem acabar, acaba mesmo — e a sua garrafa passa a ser, também ela, uma peça de coleção.</p><p><em>Autêntica e única. Como você.</em></p><h3>Ficha técnica</h3><ul><li>Tipo de bebida: Absinto</li><li>Volume: 70 cl</li><li>Grau alcoólico: 80%</li><li>Edição: Limitada — numerada à mão</li><li>Técnica da garrafa: Acrílico, esmalte, óleo, spray, silicone</li><li>Artista: Shazequin</li></ul><p><strong>Confirmação de idade obrigatória antes da compra. Venda proibida a menores de 18 anos. Consuma com responsabilidade.</strong></p>",KULTU by Shazequin,Absinto,"kultu, absinto, edição limitada, peça única, pintado à mão",FALSE,Title,Default Title,KULTU-110,shopify,1,deny,manual,0.00,TRUE,TRUE,https://raw.githubusercontent.com/antonio-p-sousa/expand/main/assets/produtos/kultu-110.jpg,1,"Garrafa KULTU by Shazequin N.º 110 — absinto de edição limitada, caveira pintada à mão",draft,110,"[LENDA — texto próprio desta caveira, opcional]"
kultu-111,KULTU N.º 111,"<p><em>Cada caveira é uma obra de arte. Cada garrafa, um brinde à vida. Absinto de edição limitada, assinado por Shazequin.</em></p><p>Esta garrafa não saiu de uma linha de produção — saiu das mãos de Shazequin.</p><p>Inspirada no Día de Los Muertos, a caveira Kultu não celebra a morte: celebra a memória, a alegria e a vida que continua. Cada peça é pintada individualmente à mão, com técnica mista — acrílico, esmalte, óleo e spray, contorno de silicone e uma seleção própria de acessórios — o que garante que a sua garrafa é, literalmente, a única no mundo com aquele rosto.</p><p>Numerada manualmente, esta é uma edição limitada e exclusiva. Não haverá reedição. Quando esta tiragem acabar, acaba mesmo — e a sua garrafa passa a ser, também ela, uma peça de coleção.</p><p><em>Autêntica e única. Como você.</em></p><h3>Ficha técnica</h3><ul><li>Tipo de bebida: Absinto</li><li>Volume: 70 cl</li><li>Grau alcoólico: 80%</li><li>Edição: Limitada — numerada à mão</li><li>Técnica da garrafa: Acrílico, esmalte, óleo, spray, silicone</li><li>Artista: Shazequin</li></ul><p><strong>Confirmação de idade obrigatória antes da compra. Venda proibida a menores de 18 anos. Consuma com responsabilidade.</strong></p>",KULTU by Shazequin,Absinto,"kultu, absinto, edição limitada, peça única, pintado à mão",FALSE,Title,Default Title,KULTU-111,shopify,1,deny,manual,0.00,TRUE,TRUE,https://raw.githubusercontent.com/antonio-p-sousa/expand/main/assets/produtos/kultu-111.jpg,1,"Garrafa KULTU by Shazequin N.º 111 — absinto de edição limitada, caveira pintada à mão",draft,111,"[LENDA — texto próprio desta caveira, opcional]"
kultu-112,KULTU N.º 112,"<p><em>Cada caveira é uma obra de arte. Cada garrafa, um brinde à vida. Absinto de edição limitada, assinado por Shazequin.</em></p><p>Esta garrafa não saiu de uma linha de produção — saiu das mãos de Shazequin.</p><p>Inspirada no Día de Los Muertos, a caveira Kultu não celebra a morte: celebra a memória, a alegria e a vida que continua. Cada peça é pintada individualmente à mão, com técnica mista — acrílico, esmalte, óleo e spray, contorno de silicone e uma seleção própria de acessórios — o que garante que a sua garrafa é, literalmente, a única no mundo com aquele rosto.</p><p>Numerada manualmente, esta é uma edição limitada e exclusiva. Não haverá reedição. Quando esta tiragem acabar, acaba mesmo — e a sua garrafa passa a ser, também ela, uma peça de coleção.</p><p><em>Autêntica e única. Como você.</em></p><h3>Ficha técnica</h3><ul><li>Tipo de bebida: Absinto</li><li>Volume: 70 cl</li><li>Grau alcoólico: 80%</li><li>Edição: Limitada — numerada à mão</li><li>Técnica da garrafa: Acrílico, esmalte, óleo, spray, silicone</li><li>Artista: Shazequin</li></ul><p><strong>Confirmação de idade obrigatória antes da compra. Venda proibida a menores de 18 anos. Consuma com responsabilidade.</strong></p>",KULTU by Shazequin,Absinto,"kultu, absinto, edição limitada, peça única, pintado à mão",FALSE,Title,Default Title,KULTU-112,shopify,1,deny,manual,0.00,TRUE,TRUE,https://raw.githubusercontent.com/antonio-p-sousa/expand/main/assets/produtos/kultu-112.jpg,1,"Garrafa KULTU by Shazequin N.º 112 — absinto de edição limitada, caveira pintada à mão",draft,112,"[LENDA — texto próprio desta caveira, opcional]"
kultu-113,KULTU N.º 113,"<p><em>Cada caveira é uma obra de arte. Cada garrafa, um brinde à vida. Absinto de edição limitada, assinado por Shazequin.</em></p><p>Esta garrafa não saiu de uma linha de produção — saiu das mãos de Shazequin.</p><p>Inspirada no Día de Los Muertos, a caveira Kultu não celebra a morte: celebra a memória, a alegria e a vida que continua. Cada peça é pintada individualmente à mão, com técnica mista — acrílico, esmalte, óleo e spray, contorno de silicone e uma seleção própria de acessórios — o que garante que a sua garrafa é, literalmente, a única no mundo com aquele rosto.</p><p>Numerada manualmente, esta é uma edição limitada e exclusiva. Não haverá reedição. Quando esta tiragem acabar, acaba mesmo — e a sua garrafa passa a ser, também ela, uma peça de coleção.</p><p><em>Autêntica e única. Como você.</em></p><h3>Ficha técnica</h3><ul><li>Tipo de bebida: Absinto</li><li>Volume: 70 cl</li><li>Grau alcoólico: 80%</li><li>Edição: Limitada — numerada à mão</li><li>Técnica da garrafa: Acrílico, esmalte, óleo, spray, silicone</li><li>Artista: Shazequin</li></ul><p><strong>Confirmação de idade obrigatória antes da compra. Venda proibida a menores de 18 anos. Consuma com responsabilidade.</strong></p>",KULTU by Shazequin,Absinto,"kultu, absinto, edição limitada, peça única, pintado à mão",FALSE,Title,Default Title,KULTU-113,shopify,1,deny,manual,0.00,TRUE,TRUE,https://raw.githubusercontent.com/antonio-p-sousa/expand/main/assets/produtos/kultu-113.jpg,1,"Garrafa KULTU by Shazequin N.º 113 — absinto de edição limitada, caveira pintada à mão",draft,113,"[LENDA — texto próprio desta caveira, opcional]"
kultu-114,KULTU N.º 114,"<p><em>Cada caveira é uma obra de arte. Cada garrafa, um brinde à vida. Absinto de edição limitada, assinado por Shazequin.</em></p><p>Esta garrafa não saiu de uma linha de produção — saiu das mãos de Shazequin.</p><p>Inspirada no Día de Los Muertos, a caveira Kultu não celebra a morte: celebra a memória, a alegria e a vida que continua. Cada peça é pintada individualmente à mão, com técnica mista — acrílico, esmalte, óleo e spray, contorno de silicone e uma seleção própria de acessórios — o que garante que a sua garrafa é, literalmente, a única no mundo com aquele rosto.</p><p>Numerada manualmente, esta é uma edição limitada e exclusiva. Não haverá reedição. Quando esta tiragem acabar, acaba mesmo — e a sua garrafa passa a ser, também ela, uma peça de coleção.</p><p><em>Autêntica e única. Como você.</em></p><h3>Ficha técnica</h3><ul><li>Tipo de bebida: Absinto</li><li>Volume: 70 cl</li><li>Grau alcoólico: 80%</li><li>Edição: Limitada — numerada à mão</li><li>Técnica da garrafa: Acrílico, esmalte, óleo, spray, silicone</li><li>Artista: Shazequin</li></ul><p><strong>Confirmação de idade obrigatória antes da compra. Venda proibida a menores de 18 anos. Consuma com responsabilidade.</strong></p>",KULTU by Shazequin,Absinto,"kultu, absinto, edição limitada, peça única, pintado à mão",FALSE,Title,Default Title,KULTU-114,shopify,1,deny,manual,0.00,TRUE,TRUE,https://raw.githubusercontent.com/antonio-p-sousa/expand/main/assets/produtos/kultu-114.jpg,1,"Garrafa KULTU by Shazequin N.º 114 — absinto de edição limitada, caveira pintada à mão",draft,114,"[LENDA — texto próprio desta caveira, opcional]"
kultu-115,KULTU N.º 115,"<p><em>Cada caveira é uma obra de arte. Cada garrafa, um brinde à vida. Absinto de edição limitada, assinado por Shazequin.</em></p><p>Esta garrafa não saiu de uma linha de produção — saiu das mãos de Shazequin.</p><p>Inspirada no Día de Los Muertos, a caveira Kultu não celebra a morte: celebra a memória, a alegria e a vida que continua. Cada peça é pintada individualmente à mão, com técnica mista — acrílico, esmalte, óleo e spray, contorno de silicone e uma seleção própria de acessórios — o que garante que a sua garrafa é, literalmente, a única no mundo com aquele rosto.</p><p>Numerada manualmente, esta é uma edição limitada e exclusiva. Não haverá reedição. Quando esta tiragem acabar, acaba mesmo — e a sua garrafa passa a ser, também ela, uma peça de coleção.</p><p><em>Autêntica e única. Como você.</em></p><h3>Ficha técnica</h3><ul><li>Tipo de bebida: Absinto</li><li>Volume: 70 cl</li><li>Grau alcoólico: 80%</li><li>Edição: Limitada — numerada à mão</li><li>Técnica da garrafa: Acrílico, esmalte, óleo, spray, silicone</li><li>Artista: Shazequin</li></ul><p><strong>Confirmação de idade obrigatória antes da compra. Venda proibida a menores de 18 anos. Consuma com responsabilidade.</strong></p>",KULTU by Shazequin,Absinto,"kultu, absinto, edição limitada, peça única, pintado à mão",FALSE,Title,Default Title,KULTU-115,shopify,1,deny,manual,0.00,TRUE,TRUE,https://raw.githubusercontent.com/antonio-p-sousa/expand/main/assets/produtos/kultu-115.jpg,1,"Garrafa KULTU by Shazequin N.º 115 — absinto de edição limitada, caveira pintada à mão",draft,115,"[LENDA — texto próprio desta caveira, opcional]"
kultu-116,KULTU N.º 116,"<p><em>Cada caveira é uma obra de arte. Cada garrafa, um brinde à vida. Absinto de edição limitada, assinado por Shazequin.</em></p><p>Esta garrafa não saiu de uma linha de produção — saiu das mãos de Shazequin.</p><p>Inspirada no Día de Los Muertos, a caveira Kultu não celebra a morte: celebra a memória, a alegria e a vida que continua. Cada peça é pintada individualmente à mão, com técnica mista — acrílico, esmalte, óleo e spray, contorno de silicone e uma seleção própria de acessórios — o que garante que a sua garrafa é, literalmente, a única no mundo com aquele rosto.</p><p>Numerada manualmente, esta é uma edição limitada e exclusiva. Não haverá reedição. Quando esta tiragem acabar, acaba mesmo — e a sua garrafa passa a ser, também ela, uma peça de coleção.</p><p><em>Autêntica e única. Como você.</em></p><h3>Ficha técnica</h3><ul><li>Tipo de bebida: Absinto</li><li>Volume: 70 cl</li><li>Grau alcoólico: 80%</li><li>Edição: Limitada — numerada à mão</li><li>Técnica da garrafa: Acrílico, esmalte, óleo, spray, silicone</li><li>Artista: Shazequin</li></ul><p><strong>Confirmação de idade obrigatória antes da compra. Venda proibida a menores de 18 anos. Consuma com responsabilidade.</strong></p>",KULTU by Shazequin,Absinto,"kultu, absinto, edição limitada, peça única, pintado à mão",FALSE,Title,Default Title,KULTU-116,shopify,1,deny,manual,0.00,TRUE,TRUE,https://raw.githubusercontent.com/antonio-p-sousa/expand/main/assets/produtos/kultu-116.jpg,1,"Garrafa KULTU by Shazequin N.º 116 — absinto de edição limitada, caveira pintada à mão",draft,116,"[LENDA — texto próprio desta caveira, opcional]"
kultu-117,KULTU N.º 117,"<p><em>Cada caveira é uma obra de arte. Cada garrafa, um brinde à vida. Absinto de edição limitada, assinado por Shazequin.</em></p><p>Esta garrafa não saiu de uma linha de produção — saiu das mãos de Shazequin.</p><p>Inspirada no Día de Los Muertos, a caveira Kultu não celebra a morte: celebra a memória, a alegria e a vida que continua. Cada peça é pintada individualmente à mão, com técnica mista — acrílico, esmalte, óleo e spray, contorno de silicone e uma seleção própria de acessórios — o que garante que a sua garrafa é, literalmente, a única no mundo com aquele rosto.</p><p>Numerada manualmente, esta é uma edição limitada e exclusiva. Não haverá reedição. Quando esta tiragem acabar, acaba mesmo — e a sua garrafa passa a ser, também ela, uma peça de coleção.</p><p><em>Autêntica e única. Como você.</em></p><h3>Ficha técnica</h3><ul><li>Tipo de bebida: Absinto</li><li>Volume: 70 cl</li><li>Grau alcoólico: 80%</li><li>Edição: Limitada — numerada à mão</li><li>Técnica da garrafa: Acrílico, esmalte, óleo, spray, silicone</li><li>Artista: Shazequin</li></ul><p><strong>Confirmação de idade obrigatória antes da compra. Venda proibida a menores de 18 anos. Consuma com responsabilidade.</strong></p>",KULTU by Shazequin,Absinto,"kultu, absinto, edição limitada, peça única, pintado à mão",FALSE,Title,Default Title,KULTU-117,shopify,1,deny,manual,0.00,TRUE,TRUE,https://raw.githubusercontent.com/antonio-p-sousa/expand/main/assets/produtos/kultu-117.jpg,1,"Garrafa KULTU by Shazequin N.º 117 — absinto de edição limitada, caveira pintada à mão",draft,117,"[LENDA — texto próprio desta caveira, opcional]"
kultu-118,KULTU N.º 118,"<p><em>Cada caveira é uma obra de arte. Cada garrafa, um brinde à vida. Absinto de edição limitada, assinado por Shazequin.</em></p><p>Esta garrafa não saiu de uma linha de produção — saiu das mãos de Shazequin.</p><p>Inspirada no Día de Los Muertos, a caveira Kultu não celebra a morte: celebra a memória, a alegria e a vida que continua. Cada peça é pintada individualmente à mão, com técnica mista — acrílico, esmalte, óleo e spray, contorno de silicone e uma seleção própria de acessórios — o que garante que a sua garrafa é, literalmente, a única no mundo com aquele rosto.</p><p>Numerada manualmente, esta é uma edição limitada e exclusiva. Não haverá reedição. Quando esta tiragem acabar, acaba mesmo — e a sua garrafa passa a ser, também ela, uma peça de coleção.</p><p><em>Autêntica e única. Como você.</em></p><h3>Ficha técnica</h3><ul><li>Tipo de bebida: Absinto</li><li>Volume: 70 cl</li><li>Grau alcoólico: 80%</li><li>Edição: Limitada — numerada à mão</li><li>Técnica da garrafa: Acrílico, esmalte, óleo, spray, silicone</li><li>Artista: Shazequin</li></ul><p><strong>Confirmação de idade obrigatória antes da compra. Venda proibida a menores de 18 anos. Consuma com responsabilidade.</strong></p>",KULTU by Shazequin,Absinto,"kultu, absinto, edição limitada, peça única, pintado à mão",FALSE,Title,Default Title,KULTU-118,shopify,1,deny,manual,0.00,TRUE,TRUE,https://raw.githubusercontent.com/antonio-p-sousa/expand/main/assets/produtos/kultu-118.jpg,1,"Garrafa KULTU by Shazequin N.º 118 — absinto de edição limitada, caveira pintada à mão",draft,118,"[LENDA — texto próprio desta caveira, opcional]"
kultu-119,KULTU N.º 119,"<p><em>Cada caveira é uma obra de arte. Cada garrafa, um brinde à vida. Absinto de edição limitada, assinado por Shazequin.</em></p><p>Esta garrafa não saiu de uma linha de produção — saiu das mãos de Shazequin.</p><p>Inspirada no Día de Los Muertos, a caveira Kultu não celebra a morte: celebra a memória, a alegria e a vida que continua. Cada peça é pintada individualmente à mão, com técnica mista — acrílico, esmalte, óleo e spray, contorno de silicone e uma seleção própria de acessórios — o que garante que a sua garrafa é, literalmente, a única no mundo com aquele rosto.</p><p>Numerada manualmente, esta é uma edição limitada e exclusiva. Não haverá reedição. Quando esta tiragem acabar, acaba mesmo — e a sua garrafa passa a ser, também ela, uma peça de coleção.</p><p><em>Autêntica e única. Como você.</em></p><h3>Ficha técnica</h3><ul><li>Tipo de bebida: Absinto</li><li>Volume: 70 cl</li><li>Grau alcoólico: 80%</li><li>Edição: Limitada — numerada à mão</li><li>Técnica da garrafa: Acrílico, esmalte, óleo, spray, silicone</li><li>Artista: Shazequin</li></ul><p><strong>Confirmação de idade obrigatória antes da compra. Venda proibida a menores de 18 anos. Consuma com responsabilidade.</strong></p>",KULTU by Shazequin,Absinto,"kultu, absinto, edição limitada, peça única, pintado à mão",FALSE,Title,Default Title,KULTU-119,shopify,1,deny,manual,0.00,TRUE,TRUE,https://raw.githubusercontent.com/antonio-p-sousa/expand/main/assets/produtos/kultu-119.jpg,1,"Garrafa KULTU by Shazequin N.º 119 — absinto de edição limitada, caveira pintada à mão",draft,119,"[LENDA — texto próprio desta caveira, opcional]"
kultu-120,KULTU N.º 120,"<p><em>Cada caveira é uma obra de arte. Cada garrafa, um brinde à vida. Absinto de edição limitada, assinado por Shazequin.</em></p><p>Esta garrafa não saiu de uma linha de produção — saiu das mãos de Shazequin.</p><p>Inspirada no Día de Los Muertos, a caveira Kultu não celebra a morte: celebra a memória, a alegria e a vida que continua. Cada peça é pintada individualmente à mão, com técnica mista — acrílico, esmalte, óleo e spray, contorno de silicone e uma seleção própria de acessórios — o que garante que a sua garrafa é, literalmente, a única no mundo com aquele rosto.</p><p>Numerada manualmente, esta é uma edição limitada e exclusiva. Não haverá reedição. Quando esta tiragem acabar, acaba mesmo — e a sua garrafa passa a ser, também ela, uma peça de coleção.</p><p><em>Autêntica e única. Como você.</em></p><h3>Ficha técnica</h3><ul><li>Tipo de bebida: Absinto</li><li>Volume: 70 cl</li><li>Grau alcoólico: 80%</li><li>Edição: Limitada — numerada à mão</li><li>Técnica da garrafa: Acrílico, esmalte, óleo, spray, silicone</li><li>Artista: Shazequin</li></ul><p><strong>Confirmação de idade obrigatória antes da compra. Venda proibida a menores de 18 anos. Consuma com responsabilidade.</strong></p>",KULTU by Shazequin,Absinto,"kultu, absinto, edição limitada, peça única, pintado à mão",FALSE,Title,Default Title,KULTU-120,shopify,1,deny,manual,0.00,TRUE,TRUE,https://raw.githubusercontent.com/antonio-p-sousa/expand/main/assets/produtos/kultu-120.jpg,1,"Garrafa KULTU by Shazequin N.º 120 — absinto de edição limitada, caveira pintada à mão",draft,120,"[LENDA — texto próprio desta caveira, opcional]"
kultu-121,KULTU N.º 121,"<p><em>Cada caveira é uma obra de arte. Cada garrafa, um brinde à vida. Absinto de edição limitada, assinado por Shazequin.</em></p><p>Esta garrafa não saiu de uma linha de produção — saiu das mãos de Shazequin.</p><p>Inspirada no Día de Los Muertos, a caveira Kultu não celebra a morte: celebra a memória, a alegria e a vida que continua. Cada peça é pintada individualmente à mão, com técnica mista — acrílico, esmalte, óleo e spray, contorno de silicone e uma seleção própria de acessórios — o que garante que a sua garrafa é, literalmente, a única no mundo com aquele rosto.</p><p>Numerada manualmente, esta é uma edição limitada e exclusiva. Não haverá reedição. Quando esta tiragem acabar, acaba mesmo — e a sua garrafa passa a ser, também ela, uma peça de coleção.</p><p><em>Autêntica e única. Como você.</em></p><h3>Ficha técnica</h3><ul><li>Tipo de bebida: Absinto</li><li>Volume: 70 cl</li><li>Grau alcoólico: 80%</li><li>Edição: Limitada — numerada à mão</li><li>Técnica da garrafa: Acrílico, esmalte, óleo, spray, silicone</li><li>Artista: Shazequin</li></ul><p><strong>Confirmação de idade obrigatória antes da compra. Venda proibida a menores de 18 anos. Consuma com responsabilidade.</strong></p>",KULTU by Shazequin,Absinto,"kultu, absinto, edição limitada, peça única, pintado à mão",FALSE,Title,Default Title,KULTU-121,shopify,1,deny,manual,0.00,TRUE,TRUE,https://raw.githubusercontent.com/antonio-p-sousa/expand/main/assets/produtos/kultu-121.jpg,1,"Garrafa KULTU by Shazequin N.º 121 — absinto de edição limitada, caveira pintada à mão",draft,121,"[LENDA — texto próprio desta caveira, opcional]"
kultu-122,KULTU N.º 122,"<p><em>Cada caveira é uma obra de arte. Cada garrafa, um brinde à vida. Absinto de edição limitada, assinado por Shazequin.</em></p><p>Esta garrafa não saiu de uma linha de produção — saiu das mãos de Shazequin.</p><p>Inspirada no Día de Los Muertos, a caveira Kultu não celebra a morte: celebra a memória, a alegria e a vida que continua. Cada peça é pintada individualmente à mão, com técnica mista — acrílico, esmalte, óleo e spray, contorno de silicone e uma seleção própria de acessórios — o que garante que a sua garrafa é, literalmente, a única no mundo com aquele rosto.</p><p>Numerada manualmente, esta é uma edição limitada e exclusiva. Não haverá reedição. Quando esta tiragem acabar, acaba mesmo — e a sua garrafa passa a ser, também ela, uma peça de coleção.</p><p><em>Autêntica e única. Como você.</em></p><h3>Ficha técnica</h3><ul><li>Tipo de bebida: Absinto</li><li>Volume: 70 cl</li><li>Grau alcoólico: 80%</li><li>Edição: Limitada — numerada à mão</li><li>Técnica da garrafa: Acrílico, esmalte, óleo, spray, silicone</li><li>Artista: Shazequin</li></ul><p><strong>Confirmação de idade obrigatória antes da compra. Venda proibida a menores de 18 anos. Consuma com responsabilidade.</strong></p>",KULTU by Shazequin,Absinto,"kultu, absinto, edição limitada, peça única, pintado à mão",FALSE,Title,Default Title,KULTU-122,shopify,1,deny,manual,0.00,TRUE,TRUE,https://raw.githubusercontent.com/antonio-p-sousa/expand/main/assets/produtos/kultu-122.jpg,1,"Garrafa KULTU by Shazequin N.º 122 — absinto de edição limitada, caveira pintada à mão",draft,122,"[LENDA — texto próprio desta caveira, opcional]"
kultu-123,KULTU N.º 123,"<p><em>Cada caveira é uma obra de arte. Cada garrafa, um brinde à vida. Absinto de edição limitada, assinado por Shazequin.</em></p><p>Esta garrafa não saiu de uma linha de produção — saiu das mãos de Shazequin.</p><p>Inspirada no Día de Los Muertos, a caveira Kultu não celebra a morte: celebra a memória, a alegria e a vida que continua. Cada peça é pintada individualmente à mão, com técnica mista — acrílico, esmalte, óleo e spray, contorno de silicone e uma seleção própria de acessórios — o que garante que a sua garrafa é, literalmente, a única no mundo com aquele rosto.</p><p>Numerada manualmente, esta é uma edição limitada e exclusiva. Não haverá reedição. Quando esta tiragem acabar, acaba mesmo — e a sua garrafa passa a ser, também ela, uma peça de coleção.</p><p><em>Autêntica e única. Como você.</em></p><h3>Ficha técnica</h3><ul><li>Tipo de bebida: Absinto</li><li>Volume: 70 cl</li><li>Grau alcoólico: 80%</li><li>Edição: Limitada — numerada à mão</li><li>Técnica da garrafa: Acrílico, esmalte, óleo, spray, silicone</li><li>Artista: Shazequin</li></ul><p><strong>Confirmação de idade obrigatória antes da compra. Venda proibida a menores de 18 anos. Consuma com responsabilidade.</strong></p>",KULTU by Shazequin,Absinto,"kultu, absinto, edição limitada, peça única, pintado à mão",FALSE,Title,Default Title,KULTU-123,shopify,1,deny,manual,0.00,TRUE,TRUE,https://raw.githubusercontent.com/antonio-p-sousa/expand/main/assets/produtos/kultu-123.jpg,1,"Garrafa KULTU by Shazequin N.º 123 — absinto de edição limitada, caveira pintada à mão",draft,123,"[LENDA — texto próprio desta caveira, opcional]"
kultu-124,KULTU N.º 124,"<p><em>Cada caveira é uma obra de arte. Cada garrafa, um brinde à vida. Absinto de edição limitada, assinado por Shazequin.</em></p><p>Esta garrafa não saiu de uma linha de produção — saiu das mãos de Shazequin.</p><p>Inspirada no Día de Los Muertos, a caveira Kultu não celebra a morte: celebra a memória, a alegria e a vida que continua. Cada peça é pintada individualmente à mão, com técnica mista — acrílico, esmalte, óleo e spray, contorno de silicone e uma seleção própria de acessórios — o que garante que a sua garrafa é, literalmente, a única no mundo com aquele rosto.</p><p>Numerada manualmente, esta é uma edição limitada e exclusiva. Não haverá reedição. Quando esta tiragem acabar, acaba mesmo — e a sua garrafa passa a ser, também ela, uma peça de coleção.</p><p><em>Autêntica e única. Como você.</em></p><h3>Ficha técnica</h3><ul><li>Tipo de bebida: Absinto</li><li>Volume: 70 cl</li><li>Grau alcoólico: 80%</li><li>Edição: Limitada — numerada à mão</li><li>Técnica da garrafa: Acrílico, esmalte, óleo, spray, silicone</li><li>Artista: Shazequin</li></ul><p><strong>Confirmação de idade obrigatória antes da compra. Venda proibida a menores de 18 anos. Consuma com responsabilidade.</strong></p>",KULTU by Shazequin,Absinto,"kultu, absinto, edição limitada, peça única, pintado à mão",FALSE,Title,Default Title,KULTU-124,shopify,1,deny,manual,0.00,TRUE,TRUE,https://raw.githubusercontent.com/antonio-p-sousa/expand/main/assets/produtos/kultu-124.jpg,1,"Garrafa KULTU by Shazequin N.º 124 — absinto de edição limitada, caveira pintada à mão",draft,124,"[LENDA — texto próprio desta caveira, opcional]"
kultu-125,KULTU N.º 125,"<p><em>Cada caveira é uma obra de arte. Cada garrafa, um brinde à vida. Absinto de edição limitada, assinado por Shazequin.</em></p><p>Esta garrafa não saiu de uma linha de produção — saiu das mãos de Shazequin.</p><p>Inspirada no Día de Los Muertos, a caveira Kultu não celebra a morte: celebra a memória, a alegria e a vida que continua. Cada peça é pintada individualmente à mão, com técnica mista — acrílico, esmalte, óleo e spray, contorno de silicone e uma seleção própria de acessórios — o que garante que a sua garrafa é, literalmente, a única no mundo com aquele rosto.</p><p>Numerada manualmente, esta é uma edição limitada e exclusiva. Não haverá reedição. Quando esta tiragem acabar, acaba mesmo — e a sua garrafa passa a ser, também ela, uma peça de coleção.</p><p><em>Autêntica e única. Como você.</em></p><h3>Ficha técnica</h3><ul><li>Tipo de bebida: Absinto</li><li>Volume: 70 cl</li><li>Grau alcoólico: 80%</li><li>Edição: Limitada — numerada à mão</li><li>Técnica da garrafa: Acrílico, esmalte, óleo, spray, silicone</li><li>Artista: Shazequin</li></ul><p><strong>Confirmação de idade obrigatória antes da compra. Venda proibida a menores de 18 anos. Consuma com responsabilidade.</strong></p>",KULTU by Shazequin,Absinto,"kultu, absinto, edição limitada, peça única, pintado à mão",FALSE,Title,Default Title,KULTU-125,shopify,1,deny,manual,0.00,TRUE,TRUE,https://raw.githubusercontent.com/antonio-p-sousa/expand/main/assets/produtos/kultu-125.jpg,1,"Garrafa KULTU by Shazequin N.º 125 — absinto de edição limitada, caveira pintada à mão",draft,125,"[LENDA — texto próprio desta caveira, opcional]"
kultu-126,KULTU N.º 126,"<p><em>Cada caveira é uma obra de arte. Cada garrafa, um brinde à vida. Absinto de edição limitada, assinado por Shazequin.</em></p><p>Esta garrafa não saiu de uma linha de produção — saiu das mãos de Shazequin.</p><p>Inspirada no Día de Los Muertos, a caveira Kultu não celebra a morte: celebra a memória, a alegria e a vida que continua. Cada peça é pintada individualmente à mão, com técnica mista — acrílico, esmalte, óleo e spray, contorno de silicone e uma seleção própria de acessórios — o que garante que a sua garrafa é, literalmente, a única no mundo com aquele rosto.</p><p>Numerada manualmente, esta é uma edição limitada e exclusiva. Não haverá reedição. Quando esta tiragem acabar, acaba mesmo — e a sua garrafa passa a ser, também ela, uma peça de coleção.</p><p><em>Autêntica e única. Como você.</em></p><h3>Ficha técnica</h3><ul><li>Tipo de bebida: Absinto</li><li>Volume: 70 cl</li><li>Grau alcoólico: 80%</li><li>Edição: Limitada — numerada à mão</li><li>Técnica da garrafa: Acrílico, esmalte, óleo, spray, silicone</li><li>Artista: Shazequin</li></ul><p><strong>Confirmação de idade obrigatória antes da compra. Venda proibida a menores de 18 anos. Consuma com responsabilidade.</strong></p>",KULTU by Shazequin,Absinto,"kultu, absinto, edição limitada, peça única, pintado à mão",FALSE,Title,Default Title,KULTU-126,shopify,1,deny,manual,0.00,TRUE,TRUE,https://raw.githubusercontent.com/antonio-p-sousa/expand/main/assets/produtos/kultu-126.jpg,1,"Garrafa KULTU by Shazequin N.º 126 — absinto de edição limitada, caveira pintada à mão",draft,126,"[LENDA — texto próprio desta caveira, opcional]"
kultu-127,KULTU N.º 127,"<p><em>Cada caveira é uma obra de arte. Cada garrafa, um brinde à vida. Absinto de edição limitada, assinado por Shazequin.</em></p><p>Esta garrafa não saiu de uma linha de produção — saiu das mãos de Shazequin.</p><p>Inspirada no Día de Los Muertos, a caveira Kultu não celebra a morte: celebra a memória, a alegria e a vida que continua. Cada peça é pintada individualmente à mão, com técnica mista — acrílico, esmalte, óleo e spray, contorno de silicone e uma seleção própria de acessórios — o que garante que a sua garrafa é, literalmente, a única no mundo com aquele rosto.</p><p>Numerada manualmente, esta é uma edição limitada e exclusiva. Não haverá reedição. Quando esta tiragem acabar, acaba mesmo — e a sua garrafa passa a ser, também ela, uma peça de coleção.</p><p><em>Autêntica e única. Como você.</em></p><h3>Ficha técnica</h3><ul><li>Tipo de bebida: Absinto</li><li>Volume: 70 cl</li><li>Grau alcoólico: 80%</li><li>Edição: Limitada — numerada à mão</li><li>Técnica da garrafa: Acrílico, esmalte, óleo, spray, silicone</li><li>Artista: Shazequin</li></ul><p><strong>Confirmação de idade obrigatória antes da compra. Venda proibida a menores de 18 anos. Consuma com responsabilidade.</strong></p>",KULTU by Shazequin,Absinto,"kultu, absinto, edição limitada, peça única, pintado à mão",FALSE,Title,Default Title,KULTU-127,shopify,1,deny,manual,0.00,TRUE,TRUE,https://raw.githubusercontent.com/antonio-p-sousa/expand/main/assets/produtos/kultu-127.jpg,1,"Garrafa KULTU by Shazequin N.º 127 — absinto de edição limitada, caveira pintada à mão",draft,127,"[LENDA — texto próprio desta caveira, opcional]"
kultu-128,KULTU N.º 128,"<p><em>Cada caveira é uma obra de arte. Cada garrafa, um brinde à vida. Absinto de edição limitada, assinado por Shazequin.</em></p><p>Esta garrafa não saiu de uma linha de produção — saiu das mãos de Shazequin.</p><p>Inspirada no Día de Los Muertos, a caveira Kultu não celebra a morte: celebra a memória, a alegria e a vida que continua. Cada peça é pintada individualmente à mão, com técnica mista — acrílico, esmalte, óleo e spray, contorno de silicone e uma seleção própria de acessórios — o que garante que a sua garrafa é, literalmente, a única no mundo com aquele rosto.</p><p>Numerada manualmente, esta é uma edição limitada e exclusiva. Não haverá reedição. Quando esta tiragem acabar, acaba mesmo — e a sua garrafa passa a ser, também ela, uma peça de coleção.</p><p><em>Autêntica e única. Como você.</em></p><h3>Ficha técnica</h3><ul><li>Tipo de bebida: Absinto</li><li>Volume: 70 cl</li><li>Grau alcoólico: 80%</li><li>Edição: Limitada — numerada à mão</li><li>Técnica da garrafa: Acrílico, esmalte, óleo, spray, silicone</li><li>Artista: Shazequin</li></ul><p><strong>Confirmação de idade obrigatória antes da compra. Venda proibida a menores de 18 anos. Consuma com responsabilidade.</strong></p>",KULTU by Shazequin,Absinto,"kultu, absinto, edição limitada, peça única, pintado à mão",FALSE,Title,Default Title,KULTU-128,shopify,1,deny,manual,0.00,TRUE,TRUE,https://raw.githubusercontent.com/antonio-p-sousa/expand/main/assets/produtos/kultu-128.jpg,1,"Garrafa KULTU by Shazequin N.º 128 — absinto de edição limitada, caveira pintada à mão",draft,128,"[LENDA — texto próprio desta caveira, opcional]"
kultu-129,KULTU N.º 129,"<p><em>Cada caveira é uma obra de arte. Cada garrafa, um brinde à vida. Absinto de edição limitada, assinado por Shazequin.</em></p><p>Esta garrafa não saiu de uma linha de produção — saiu das mãos de Shazequin.</p><p>Inspirada no Día de Los Muertos, a caveira Kultu não celebra a morte: celebra a memória, a alegria e a vida que continua. Cada peça é pintada individualmente à mão, com técnica mista — acrílico, esmalte, óleo e spray, contorno de silicone e uma seleção própria de acessórios — o que garante que a sua garrafa é, literalmente, a única no mundo com aquele rosto.</p><p>Numerada manualmente, esta é uma edição limitada e exclusiva. Não haverá reedição. Quando esta tiragem acabar, acaba mesmo — e a sua garrafa passa a ser, também ela, uma peça de coleção.</p><p><em>Autêntica e única. Como você.</em></p><h3>Ficha técnica</h3><ul><li>Tipo de bebida: Absinto</li><li>Volume: 70 cl</li><li>Grau alcoólico: 80%</li><li>Edição: Limitada — numerada à mão</li><li>Técnica da garrafa: Acrílico, esmalte, óleo, spray, silicone</li><li>Artista: Shazequin</li></ul><p><strong>Confirmação de idade obrigatória antes da compra. Venda proibida a menores de 18 anos. Consuma com responsabilidade.</strong></p>",KULTU by Shazequin,Absinto,"kultu, absinto, edição limitada, peça única, pintado à mão",FALSE,Title,Default Title,KULTU-129,shopify,1,deny,manual,0.00,TRUE,TRUE,https://raw.githubusercontent.com/antonio-p-sousa/expand/main/assets/produtos/kultu-129.jpg,1,"Garrafa KULTU by Shazequin N.º 129 — absinto de edição limitada, caveira pintada à mão",draft,129,"[LENDA — texto próprio desta caveira, opcional]"
kultu-130,KULTU N.º 130,"<p><em>Cada caveira é uma obra de arte. Cada garrafa, um brinde à vida. Absinto de edição limitada, assinado por Shazequin.</em></p><p>Esta garrafa não saiu de uma linha de produção — saiu das mãos de Shazequin.</p><p>Inspirada no Día de Los Muertos, a caveira Kultu não celebra a morte: celebra a memória, a alegria e a vida que continua. Cada peça é pintada individualmente à mão, com técnica mista — acrílico, esmalte, óleo e spray, contorno de silicone e uma seleção própria de acessórios — o que garante que a sua garrafa é, literalmente, a única no mundo com aquele rosto.</p><p>Numerada manualmente, esta é uma edição limitada e exclusiva. Não haverá reedição. Quando esta tiragem acabar, acaba mesmo — e a sua garrafa passa a ser, também ela, uma peça de coleção.</p><p><em>Autêntica e única. Como você.</em></p><h3>Ficha técnica</h3><ul><li>Tipo de bebida: Absinto</li><li>Volume: 70 cl</li><li>Grau alcoólico: 80%</li><li>Edição: Limitada — numerada à mão</li><li>Técnica da garrafa: Acrílico, esmalte, óleo, spray, silicone</li><li>Artista: Shazequin</li></ul><p><strong>Confirmação de idade obrigatória antes da compra. Venda proibida a menores de 18 anos. Consuma com responsabilidade.</strong></p>",KULTU by Shazequin,Absinto,"kultu, absinto, edição limitada, peça única, pintado à mão",FALSE,Title,Default Title,KULTU-130,shopify,1,deny,manual,0.00,TRUE,TRUE,https://raw.githubusercontent.com/antonio-p-sousa/expand/main/assets/produtos/kultu-130.jpg,1,"Garrafa KULTU by Shazequin N.º 130 — absinto de edição limitada, caveira pintada à mão",draft,130,"[LENDA — texto próprio desta caveira, opcional]"
kultu-131,KULTU N.º 131,"<p><em>Cada caveira é uma obra de arte. Cada garrafa, um brinde à vida. Absinto de edição limitada, assinado por Shazequin.</em></p><p>Esta garrafa não saiu de uma linha de produção — saiu das mãos de Shazequin.</p><p>Inspirada no Día de Los Muertos, a caveira Kultu não celebra a morte: celebra a memória, a alegria e a vida que continua. Cada peça é pintada individualmente à mão, com técnica mista — acrílico, esmalte, óleo e spray, contorno de silicone e uma seleção própria de acessórios — o que garante que a sua garrafa é, literalmente, a única no mundo com aquele rosto.</p><p>Numerada manualmente, esta é uma edição limitada e exclusiva. Não haverá reedição. Quando esta tiragem acabar, acaba mesmo — e a sua garrafa passa a ser, também ela, uma peça de coleção.</p><p><em>Autêntica e única. Como você.</em></p><h3>Ficha técnica</h3><ul><li>Tipo de bebida: Absinto</li><li>Volume: 70 cl</li><li>Grau alcoólico: 80%</li><li>Edição: Limitada — numerada à mão</li><li>Técnica da garrafa: Acrílico, esmalte, óleo, spray, silicone</li><li>Artista: Shazequin</li></ul><p><strong>Confirmação de idade obrigatória antes da compra. Venda proibida a menores de 18 anos. Consuma com responsabilidade.</strong></p>",KULTU by Shazequin,Absinto,"kultu, absinto, edição limitada, peça única, pintado à mão",FALSE,Title,Default Title,KULTU-131,shopify,1,deny,manual,0.00,TRUE,TRUE,https://raw.githubusercontent.com/antonio-p-sousa/expand/main/assets/produtos/kultu-131.jpg,1,"Garrafa KULTU by Shazequin N.º 131 — absinto de edição limitada, caveira pintada à mão",draft,131,"[LENDA — texto próprio desta caveira, opcional]"
kultu-132,KULTU N.º 132,"<p><em>Cada caveira é uma obra de arte. Cada garrafa, um brinde à vida. Absinto de edição limitada, assinado por Shazequin.</em></p><p>Esta garrafa não saiu de uma linha de produção — saiu das mãos de Shazequin.</p><p>Inspirada no Día de Los Muertos, a caveira Kultu não celebra a morte: celebra a memória, a alegria e a vida que continua. Cada peça é pintada individualmente à mão, com técnica mista — acrílico, esmalte, óleo e spray, contorno de silicone e uma seleção própria de acessórios — o que garante que a sua garrafa é, literalmente, a única no mundo com aquele rosto.</p><p>Numerada manualmente, esta é uma edição limitada e exclusiva. Não haverá reedição. Quando esta tiragem acabar, acaba mesmo — e a sua garrafa passa a ser, também ela, uma peça de coleção.</p><p><em>Autêntica e única. Como você.</em></p><h3>Ficha técnica</h3><ul><li>Tipo de bebida: Absinto</li><li>Volume: 70 cl</li><li>Grau alcoólico: 80%</li><li>Edição: Limitada — numerada à mão</li><li>Técnica da garrafa: Acrílico, esmalte, óleo, spray, silicone</li><li>Artista: Shazequin</li></ul><p><strong>Confirmação de idade obrigatória antes da compra. Venda proibida a menores de 18 anos. Consuma com responsabilidade.</strong></p>",KULTU by Shazequin,Absinto,"kultu, absinto, edição limitada, peça única, pintado à mão",FALSE,Title,Default Title,KULTU-132,shopify,1,deny,manual,0.00,TRUE,TRUE,https://raw.githubusercontent.com/antonio-p-sousa/expand/main/assets/produtos/kultu-132.jpg,1,"Garrafa KULTU by Shazequin N.º 132 — absinto de edição limitada, caveira pintada à mão",draft,132,"[LENDA — texto próprio desta caveira, opcional]"
kultu-133,KULTU N.º 133,"<p><em>Cada caveira é uma obra de arte. Cada garrafa, um brinde à vida. Absinto de edição limitada, assinado por Shazequin.</em></p><p>Esta garrafa não saiu de uma linha de produção — saiu das mãos de Shazequin.</p><p>Inspirada no Día de Los Muertos, a caveira Kultu não celebra a morte: celebra a memória, a alegria e a vida que continua. Cada peça é pintada individualmente à mão, com técnica mista — acrílico, esmalte, óleo e spray, contorno de silicone e uma seleção própria de acessórios — o que garante que a sua garrafa é, literalmente, a única no mundo com aquele rosto.</p><p>Numerada manualmente, esta é uma edição limitada e exclusiva. Não haverá reedição. Quando esta tiragem acabar, acaba mesmo — e a sua garrafa passa a ser, também ela, uma peça de coleção.</p><p><em>Autêntica e única. Como você.</em></p><h3>Ficha técnica</h3><ul><li>Tipo de bebida: Absinto</li><li>Volume: 70 cl</li><li>Grau alcoólico: 80%</li><li>Edição: Limitada — numerada à mão</li><li>Técnica da garrafa: Acrílico, esmalte, óleo, spray, silicone</li><li>Artista: Shazequin</li></ul><p><strong>Confirmação de idade obrigatória antes da compra. Venda proibida a menores de 18 anos. Consuma com responsabilidade.</strong></p>",KULTU by Shazequin,Absinto,"kultu, absinto, edição limitada, peça única, pintado à mão",FALSE,Title,Default Title,KULTU-133,shopify,1,deny,manual,0.00,TRUE,TRUE,https://raw.githubusercontent.com/antonio-p-sousa/expand/main/assets/produtos/kultu-133.jpg,1,"Garrafa KULTU by Shazequin N.º 133 — absinto de edição limitada, caveira pintada à mão",draft,133,"[LENDA — texto próprio desta caveira, opcional]"
kultu-134,KULTU N.º 134,"<p><em>Cada caveira é uma obra de arte. Cada garrafa, um brinde à vida. Absinto de edição limitada, assinado por Shazequin.</em></p><p>Esta garrafa não saiu de uma linha de produção — saiu das mãos de Shazequin.</p><p>Inspirada no Día de Los Muertos, a caveira Kultu não celebra a morte: celebra a memória, a alegria e a vida que continua. Cada peça é pintada individualmente à mão, com técnica mista — acrílico, esmalte, óleo e spray, contorno de silicone e uma seleção própria de acessórios — o que garante que a sua garrafa é, literalmente, a única no mundo com aquele rosto.</p><p>Numerada manualmente, esta é uma edição limitada e exclusiva. Não haverá reedição. Quando esta tiragem acabar, acaba mesmo — e a sua garrafa passa a ser, também ela, uma peça de coleção.</p><p><em>Autêntica e única. Como você.</em></p><h3>Ficha técnica</h3><ul><li>Tipo de bebida: Absinto</li><li>Volume: 70 cl</li><li>Grau alcoólico: 80%</li><li>Edição: Limitada — numerada à mão</li><li>Técnica da garrafa: Acrílico, esmalte, óleo, spray, silicone</li><li>Artista: Shazequin</li></ul><p><strong>Confirmação de idade obrigatória antes da compra. Venda proibida a menores de 18 anos. Consuma com responsabilidade.</strong></p>",KULTU by Shazequin,Absinto,"kultu, absinto, edição limitada, peça única, pintado à mão",FALSE,Title,Default Title,KULTU-134,shopify,1,deny,manual,0.00,TRUE,TRUE,https://raw.githubusercontent.com/antonio-p-sousa/expand/main/assets/produtos/kultu-134.jpg,1,"Garrafa KULTU by Shazequin N.º 134 — absinto de edição limitada, caveira pintada à mão",draft,134,"[LENDA — texto próprio desta caveira, opcional]"
kultu-135,KULTU N.º 135,"<p><em>Cada caveira é uma obra de arte. Cada garrafa, um brinde à vida. Absinto de edição limitada, assinado por Shazequin.</em></p><p>Esta garrafa não saiu de uma linha de produção — saiu das mãos de Shazequin.</p><p>Inspirada no Día de Los Muertos, a caveira Kultu não celebra a morte: celebra a memória, a alegria e a vida que continua. Cada peça é pintada individualmente à mão, com técnica mista — acrílico, esmalte, óleo e spray, contorno de silicone e uma seleção própria de acessórios — o que garante que a sua garrafa é, literalmente, a única no mundo com aquele rosto.</p><p>Numerada manualmente, esta é uma edição limitada e exclusiva. Não haverá reedição. Quando esta tiragem acabar, acaba mesmo — e a sua garrafa passa a ser, também ela, uma peça de coleção.</p><p><em>Autêntica e única. Como você.</em></p><h3>Ficha técnica</h3><ul><li>Tipo de bebida: Absinto</li><li>Volume: 70 cl</li><li>Grau alcoólico: 80%</li><li>Edição: Limitada — numerada à mão</li><li>Técnica da garrafa: Acrílico, esmalte, óleo, spray, silicone</li><li>Artista: Shazequin</li></ul><p><strong>Confirmação de idade obrigatória antes da compra. Venda proibida a menores de 18 anos. Consuma com responsabilidade.</strong></p>",KULTU by Shazequin,Absinto,"kultu, absinto, edição limitada, peça única, pintado à mão",FALSE,Title,Default Title,KULTU-135,shopify,1,deny,manual,0.00,TRUE,TRUE,https://raw.githubusercontent.com/antonio-p-sousa/expand/main/assets/produtos/kultu-135.jpg,1,"Garrafa KULTU by Shazequin N.º 135 — absinto de edição limitada, caveira pintada à mão",draft,135,"[LENDA — texto próprio desta caveira, opcional]"
kultu-136,KULTU N.º 136,"<p><em>Cada caveira é uma obra de arte. Cada garrafa, um brinde à vida. Absinto de edição limitada, assinado por Shazequin.</em></p><p>Esta garrafa não saiu de uma linha de produção — saiu das mãos de Shazequin.</p><p>Inspirada no Día de Los Muertos, a caveira Kultu não celebra a morte: celebra a memória, a alegria e a vida que continua. Cada peça é pintada individualmente à mão, com técnica mista — acrílico, esmalte, óleo e spray, contorno de silicone e uma seleção própria de acessórios — o que garante que a sua garrafa é, literalmente, a única no mundo com aquele rosto.</p><p>Numerada manualmente, esta é uma edição limitada e exclusiva. Não haverá reedição. Quando esta tiragem acabar, acaba mesmo — e a sua garrafa passa a ser, também ela, uma peça de coleção.</p><p><em>Autêntica e única. Como você.</em></p><h3>Ficha técnica</h3><ul><li>Tipo de bebida: Absinto</li><li>Volume: 70 cl</li><li>Grau alcoólico: 80%</li><li>Edição: Limitada — numerada à mão</li><li>Técnica da garrafa: Acrílico, esmalte, óleo, spray, silicone</li><li>Artista: Shazequin</li></ul><p><strong>Confirmação de idade obrigatória antes da compra. Venda proibida a menores de 18 anos. Consuma com responsabilidade.</strong></p>",KULTU by Shazequin,Absinto,"kultu, absinto, edição limitada, peça única, pintado à mão",FALSE,Title,Default Title,KULTU-136,shopify,1,deny,manual,0.00,TRUE,TRUE,https://raw.githubusercontent.com/antonio-p-sousa/expand/main/assets/produtos/kultu-136.jpg,1,"Garrafa KULTU by Shazequin N.º 136 — absinto de edição limitada, caveira pintada à mão",draft,136,"[LENDA — texto próprio desta caveira, opcional]"
kultu-137,KULTU N.º 137,"<p><em>Cada caveira é uma obra de arte. Cada garrafa, um brinde à vida. Absinto de edição limitada, assinado por Shazequin.</em></p><p>Esta garrafa não saiu de uma linha de produção — saiu das mãos de Shazequin.</p><p>Inspirada no Día de Los Muertos, a caveira Kultu não celebra a morte: celebra a memória, a alegria e a vida que continua. Cada peça é pintada individualmente à mão, com técnica mista — acrílico, esmalte, óleo e spray, contorno de silicone e uma seleção própria de acessórios — o que garante que a sua garrafa é, literalmente, a única no mundo com aquele rosto.</p><p>Numerada manualmente, esta é uma edição limitada e exclusiva. Não haverá reedição. Quando esta tiragem acabar, acaba mesmo — e a sua garrafa passa a ser, também ela, uma peça de coleção.</p><p><em>Autêntica e única. Como você.</em></p><h3>Ficha técnica</h3><ul><li>Tipo de bebida: Absinto</li><li>Volume: 70 cl</li><li>Grau alcoólico: 80%</li><li>Edição: Limitada — numerada à mão</li><li>Técnica da garrafa: Acrílico, esmalte, óleo, spray, silicone</li><li>Artista: Shazequin</li></ul><p><strong>Confirmação de idade obrigatória antes da compra. Venda proibida a menores de 18 anos. Consuma com responsabilidade.</strong></p>",KULTU by Shazequin,Absinto,"kultu, absinto, edição limitada, peça única, pintado à mão",FALSE,Title,Default Title,KULTU-137,shopify,1,deny,manual,0.00,TRUE,TRUE,https://raw.githubusercontent.com/antonio-p-sousa/expand/main/assets/produtos/kultu-137.jpg,1,"Garrafa KULTU by Shazequin N.º 137 — absinto de edição limitada, caveira pintada à mão",draft,137,"[LENDA — texto próprio desta caveira, opcional]"
kultu-138,KULTU N.º 138,"<p><em>Cada caveira é uma obra de arte. Cada garrafa, um brinde à vida. Absinto de edição limitada, assinado por Shazequin.</em></p><p>Esta garrafa não saiu de uma linha de produção — saiu das mãos de Shazequin.</p><p>Inspirada no Día de Los Muertos, a caveira Kultu não celebra a morte: celebra a memória, a alegria e a vida que continua. Cada peça é pintada individualmente à mão, com técnica mista — acrílico, esmalte, óleo e spray, contorno de silicone e uma seleção própria de acessórios — o que garante que a sua garrafa é, literalmente, a única no mundo com aquele rosto.</p><p>Numerada manualmente, esta é uma edição limitada e exclusiva. Não haverá reedição. Quando esta tiragem acabar, acaba mesmo — e a sua garrafa passa a ser, também ela, uma peça de coleção.</p><p><em>Autêntica e única. Como você.</em></p><h3>Ficha técnica</h3><ul><li>Tipo de bebida: Absinto</li><li>Volume: 70 cl</li><li>Grau alcoólico: 80%</li><li>Edição: Limitada — numerada à mão</li><li>Técnica da garrafa: Acrílico, esmalte, óleo, spray, silicone</li><li>Artista: Shazequin</li></ul><p><strong>Confirmação de idade obrigatória antes da compra. Venda proibida a menores de 18 anos. Consuma com responsabilidade.</strong></p>",KULTU by Shazequin,Absinto,"kultu, absinto, edição limitada, peça única, pintado à mão",FALSE,Title,Default Title,KULTU-138,shopify,1,deny,manual,0.00,TRUE,TRUE,https://raw.githubusercontent.com/antonio-p-sousa/expand/main/assets/produtos/kultu-138.jpg,1,"Garrafa KULTU by Shazequin N.º 138 — absinto de edição limitada, caveira pintada à mão",draft,138,"[LENDA — texto próprio desta caveira, opcional]"
kultu-139,KULTU N.º 139,"<p><em>Cada caveira é uma obra de arte. Cada garrafa, um brinde à vida. Absinto de edição limitada, assinado por Shazequin.</em></p><p>Esta garrafa não saiu de uma linha de produção — saiu das mãos de Shazequin.</p><p>Inspirada no Día de Los Muertos, a caveira Kultu não celebra a morte: celebra a memória, a alegria e a vida que continua. Cada peça é pintada individualmente à mão, com técnica mista — acrílico, esmalte, óleo e spray, contorno de silicone e uma seleção própria de acessórios — o que garante que a sua garrafa é, literalmente, a única no mundo com aquele rosto.</p><p>Numerada manualmente, esta é uma edição limitada e exclusiva. Não haverá reedição. Quando esta tiragem acabar, acaba mesmo — e a sua garrafa passa a ser, também ela, uma peça de coleção.</p><p><em>Autêntica e única. Como você.</em></p><h3>Ficha técnica</h3><ul><li>Tipo de bebida: Absinto</li><li>Volume: 70 cl</li><li>Grau alcoólico: 80%</li><li>Edição: Limitada — numerada à mão</li><li>Técnica da garrafa: Acrílico, esmalte, óleo, spray, silicone</li><li>Artista: Shazequin</li></ul><p><strong>Confirmação de idade obrigatória antes da compra. Venda proibida a menores de 18 anos. Consuma com responsabilidade.</strong></p>",KULTU by Shazequin,Absinto,"kultu, absinto, edição limitada, peça única, pintado à mão",FALSE,Title,Default Title,KULTU-139,shopify,1,deny,manual,0.00,TRUE,TRUE,https://raw.githubusercontent.com/antonio-p-sousa/expand/main/assets/produtos/kultu-139.jpg,1,"Garrafa KULTU by Shazequin N.º 139 — absinto de edição limitada, caveira pintada à mão",draft,139,"[LENDA — texto próprio desta caveira, opcional]"
kultu-140,KULTU N.º 140,"<p><em>Cada caveira é uma obra de arte. Cada garrafa, um brinde à vida. Absinto de edição limitada, assinado por Shazequin.</em></p><p>Esta garrafa não saiu de uma linha de produção — saiu das mãos de Shazequin.</p><p>Inspirada no Día de Los Muertos, a caveira Kultu não celebra a morte: celebra a memória, a alegria e a vida que continua. Cada peça é pintada individualmente à mão, com técnica mista — acrílico, esmalte, óleo e spray, contorno de silicone e uma seleção própria de acessórios — o que garante que a sua garrafa é, literalmente, a única no mundo com aquele rosto.</p><p>Numerada manualmente, esta é uma edição limitada e exclusiva. Não haverá reedição. Quando esta tiragem acabar, acaba mesmo — e a sua garrafa passa a ser, também ela, uma peça de coleção.</p><p><em>Autêntica e única. Como você.</em></p><h3>Ficha técnica</h3><ul><li>Tipo de bebida: Absinto</li><li>Volume: 70 cl</li><li>Grau alcoólico: 80%</li><li>Edição: Limitada — numerada à mão</li><li>Técnica da garrafa: Acrílico, esmalte, óleo, spray, silicone</li><li>Artista: Shazequin</li></ul><p><strong>Confirmação de idade obrigatória antes da compra. Venda proibida a menores de 18 anos. Consuma com responsabilidade.</strong></p>",KULTU by Shazequin,Absinto,"kultu, absinto, edição limitada, peça única, pintado à mão",FALSE,Title,Default Title,KULTU-140,shopify,1,deny,manual,0.00,TRUE,TRUE,https://raw.githubusercontent.com/antonio-p-sousa/expand/main/assets/produtos/kultu-140.jpg,1,"Garrafa KULTU by Shazequin N.º 140 — absinto de edição limitada, caveira pintada à mão",draft,140,"[LENDA — texto próprio desta caveira, opcional]"
kultu-141,KULTU N.º 141,"<p><em>Cada caveira é uma obra de arte. Cada garrafa, um brinde à vida. Absinto de edição limitada, assinado por Shazequin.</em></p><p>Esta garrafa não saiu de uma linha de produção — saiu das mãos de Shazequin.</p><p>Inspirada no Día de Los Muertos, a caveira Kultu não celebra a morte: celebra a memória, a alegria e a vida que continua. Cada peça é pintada individualmente à mão, com técnica mista — acrílico, esmalte, óleo e spray, contorno de silicone e uma seleção própria de acessórios — o que garante que a sua garrafa é, literalmente, a única no mundo com aquele rosto.</p><p>Numerada manualmente, esta é uma edição limitada e exclusiva. Não haverá reedição. Quando esta tiragem acabar, acaba mesmo — e a sua garrafa passa a ser, também ela, uma peça de coleção.</p><p><em>Autêntica e única. Como você.</em></p><h3>Ficha técnica</h3><ul><li>Tipo de bebida: Absinto</li><li>Volume: 70 cl</li><li>Grau alcoólico: 80%</li><li>Edição: Limitada — numerada à mão</li><li>Técnica da garrafa: Acrílico, esmalte, óleo, spray, silicone</li><li>Artista: Shazequin</li></ul><p><strong>Confirmação de idade obrigatória antes da compra. Venda proibida a menores de 18 anos. Consuma com responsabilidade.</strong></p>",KULTU by Shazequin,Absinto,"kultu, absinto, edição limitada, peça única, pintado à mão",FALSE,Title,Default Title,KULTU-141,shopify,1,deny,manual,0.00,TRUE,TRUE,https://raw.githubusercontent.com/antonio-p-sousa/expand/main/assets/produtos/kultu-141.jpg,1,"Garrafa KULTU by Shazequin N.º 141 — absinto de edição limitada, caveira pintada à mão",draft,141,"[LENDA — texto próprio desta caveira, opcional]"
kultu-142,KULTU N.º 142,"<p><em>Cada caveira é uma obra de arte. Cada garrafa, um brinde à vida. Absinto de edição limitada, assinado por Shazequin.</em></p><p>Esta garrafa não saiu de uma linha de produção — saiu das mãos de Shazequin.</p><p>Inspirada no Día de Los Muertos, a caveira Kultu não celebra a morte: celebra a memória, a alegria e a vida que continua. Cada peça é pintada individualmente à mão, com técnica mista — acrílico, esmalte, óleo e spray, contorno de silicone e uma seleção própria de acessórios — o que garante que a sua garrafa é, literalmente, a única no mundo com aquele rosto.</p><p>Numerada manualmente, esta é uma edição limitada e exclusiva. Não haverá reedição. Quando esta tiragem acabar, acaba mesmo — e a sua garrafa passa a ser, também ela, uma peça de coleção.</p><p><em>Autêntica e única. Como você.</em></p><h3>Ficha técnica</h3><ul><li>Tipo de bebida: Absinto</li><li>Volume: 70 cl</li><li>Grau alcoólico: 80%</li><li>Edição: Limitada — numerada à mão</li><li>Técnica da garrafa: Acrílico, esmalte, óleo, spray, silicone</li><li>Artista: Shazequin</li></ul><p><strong>Confirmação de idade obrigatória antes da compra. Venda proibida a menores de 18 anos. Consuma com responsabilidade.</strong></p>",KULTU by Shazequin,Absinto,"kultu, absinto, edição limitada, peça única, pintado à mão",FALSE,Title,Default Title,KULTU-142,shopify,1,deny,manual,0.00,TRUE,TRUE,https://raw.githubusercontent.com/antonio-p-sousa/expand/main/assets/produtos/kultu-142.jpg,1,"Garrafa KULTU by Shazequin N.º 142 — absinto de edição limitada, caveira pintada à mão",draft,142,"[LENDA — texto próprio desta caveira, opcional]"
kultu-143,KULTU N.º 143,"<p><em>Cada caveira é uma obra de arte. Cada garrafa, um brinde à vida. Absinto de edição limitada, assinado por Shazequin.</em></p><p>Esta garrafa não saiu de uma linha de produção — saiu das mãos de Shazequin.</p><p>Inspirada no Día de Los Muertos, a caveira Kultu não celebra a morte: celebra a memória, a alegria e a vida que continua. Cada peça é pintada individualmente à mão, com técnica mista — acrílico, esmalte, óleo e spray, contorno de silicone e uma seleção própria de acessórios — o que garante que a sua garrafa é, literalmente, a única no mundo com aquele rosto.</p><p>Numerada manualmente, esta é uma edição limitada e exclusiva. Não haverá reedição. Quando esta tiragem acabar, acaba mesmo — e a sua garrafa passa a ser, também ela, uma peça de coleção.</p><p><em>Autêntica e única. Como você.</em></p><h3>Ficha técnica</h3><ul><li>Tipo de bebida: Absinto</li><li>Volume: 70 cl</li><li>Grau alcoólico: 80%</li><li>Edição: Limitada — numerada à mão</li><li>Técnica da garrafa: Acrílico, esmalte, óleo, spray, silicone</li><li>Artista: Shazequin</li></ul><p><strong>Confirmação de idade obrigatória antes da compra. Venda proibida a menores de 18 anos. Consuma com responsabilidade.</strong></p>",KULTU by Shazequin,Absinto,"kultu, absinto, edição limitada, peça única, pintado à mão",FALSE,Title,Default Title,KULTU-143,shopify,1,deny,manual,0.00,TRUE,TRUE,https://raw.githubusercontent.com/antonio-p-sousa/expand/main/assets/produtos/kultu-143.jpg,1,"Garrafa KULTU by Shazequin N.º 143 — absinto de edição limitada, caveira pintada à mão",draft,143,"[LENDA — texto próprio desta caveira, opcional]"
kultu-144,KULTU N.º 144,"<p><em>Cada caveira é uma obra de arte. Cada garrafa, um brinde à vida. Absinto de edição limitada, assinado por Shazequin.</em></p><p>Esta garrafa não saiu de uma linha de produção — saiu das mãos de Shazequin.</p><p>Inspirada no Día de Los Muertos, a caveira Kultu não celebra a morte: celebra a memória, a alegria e a vida que continua. Cada peça é pintada individualmente à mão, com técnica mista — acrílico, esmalte, óleo e spray, contorno de silicone e uma seleção própria de acessórios — o que garante que a sua garrafa é, literalmente, a única no mundo com aquele rosto.</p><p>Numerada manualmente, esta é uma edição limitada e exclusiva. Não haverá reedição. Quando esta tiragem acabar, acaba mesmo — e a sua garrafa passa a ser, também ela, uma peça de coleção.</p><p><em>Autêntica e única. Como você.</em></p><h3>Ficha técnica</h3><ul><li>Tipo de bebida: Absinto</li><li>Volume: 70 cl</li><li>Grau alcoólico: 80%</li><li>Edição: Limitada — numerada à mão</li><li>Técnica da garrafa: Acrílico, esmalte, óleo, spray, silicone</li><li>Artista: Shazequin</li></ul><p><strong>Confirmação de idade obrigatória antes da compra. Venda proibida a menores de 18 anos. Consuma com responsabilidade.</strong></p>",KULTU by Shazequin,Absinto,"kultu, absinto, edição limitada, peça única, pintado à mão",FALSE,Title,Default Title,KULTU-144,shopify,1,deny,manual,0.00,TRUE,TRUE,https://raw.githubusercontent.com/antonio-p-sousa/expand/main/assets/produtos/kultu-144.jpg,1,"Garrafa KULTU by Shazequin N.º 144 — absinto de edição limitada, caveira pintada à mão",draft,144,"[LENDA — texto próprio desta caveira, opcional]"
kultu-145,KULTU N.º 145,"<p><em>Cada caveira é uma obra de arte. Cada garrafa, um brinde à vida. Absinto de edição limitada, assinado por Shazequin.</em></p><p>Esta garrafa não saiu de uma linha de produção — saiu das mãos de Shazequin.</p><p>Inspirada no Día de Los Muertos, a caveira Kultu não celebra a morte: celebra a memória, a alegria e a vida que continua. Cada peça é pintada individualmente à mão, com técnica mista — acrílico, esmalte, óleo e spray, contorno de silicone e uma seleção própria de acessórios — o que garante que a sua garrafa é, literalmente, a única no mundo com aquele rosto.</p><p>Numerada manualmente, esta é uma edição limitada e exclusiva. Não haverá reedição. Quando esta tiragem acabar, acaba mesmo — e a sua garrafa passa a ser, também ela, uma peça de coleção.</p><p><em>Autêntica e única. Como você.</em></p><h3>Ficha técnica</h3><ul><li>Tipo de bebida: Absinto</li><li>Volume: 70 cl</li><li>Grau alcoólico: 80%</li><li>Edição: Limitada — numerada à mão</li><li>Técnica da garrafa: Acrílico, esmalte, óleo, spray, silicone</li><li>Artista: Shazequin</li></ul><p><strong>Confirmação de idade obrigatória antes da compra. Venda proibida a menores de 18 anos. Consuma com responsabilidade.</strong></p>",KULTU by Shazequin,Absinto,"kultu, absinto, edição limitada, peça única, pintado à mão",FALSE,Title,Default Title,KULTU-145,shopify,1,deny,manual,0.00,TRUE,TRUE,https://raw.githubusercontent.com/antonio-p-sousa/expand/main/assets/produtos/kultu-145.jpg,1,"Garrafa KULTU by Shazequin N.º 145 — absinto de edição limitada, caveira pintada à mão",draft,145,"[LENDA — texto próprio desta caveira, opcional]"
kultu-146,KULTU N.º 146,"<p><em>Cada caveira é uma obra de arte. Cada garrafa, um brinde à vida. Absinto de edição limitada, assinado por Shazequin.</em></p><p>Esta garrafa não saiu de uma linha de produção — saiu das mãos de Shazequin.</p><p>Inspirada no Día de Los Muertos, a caveira Kultu não celebra a morte: celebra a memória, a alegria e a vida que continua. Cada peça é pintada individualmente à mão, com técnica mista — acrílico, esmalte, óleo e spray, contorno de silicone e uma seleção própria de acessórios — o que garante que a sua garrafa é, literalmente, a única no mundo com aquele rosto.</p><p>Numerada manualmente, esta é uma edição limitada e exclusiva. Não haverá reedição. Quando esta tiragem acabar, acaba mesmo — e a sua garrafa passa a ser, também ela, uma peça de coleção.</p><p><em>Autêntica e única. Como você.</em></p><h3>Ficha técnica</h3><ul><li>Tipo de bebida: Absinto</li><li>Volume: 70 cl</li><li>Grau alcoólico: 80%</li><li>Edição: Limitada — numerada à mão</li><li>Técnica da garrafa: Acrílico, esmalte, óleo, spray, silicone</li><li>Artista: Shazequin</li></ul><p><strong>Confirmação de idade obrigatória antes da compra. Venda proibida a menores de 18 anos. Consuma com responsabilidade.</strong></p>",KULTU by Shazequin,Absinto,"kultu, absinto, edição limitada, peça única, pintado à mão",FALSE,Title,Default Title,KULTU-146,shopify,1,deny,manual,0.00,TRUE,TRUE,https://raw.githubusercontent.com/antonio-p-sousa/expand/main/assets/produtos/kultu-146.jpg,1,"Garrafa KULTU by Shazequin N.º 146 — absinto de edição limitada, caveira pintada à mão",draft,146,"[LENDA — texto próprio desta caveira, opcional]"
kultu-147,KULTU N.º 147,"<p><em>Cada caveira é uma obra de arte. Cada garrafa, um brinde à vida. Absinto de edição limitada, assinado por Shazequin.</em></p><p>Esta garrafa não saiu de uma linha de produção — saiu das mãos de Shazequin.</p><p>Inspirada no Día de Los Muertos, a caveira Kultu não celebra a morte: celebra a memória, a alegria e a vida que continua. Cada peça é pintada individualmente à mão, com técnica mista — acrílico, esmalte, óleo e spray, contorno de silicone e uma seleção própria de acessórios — o que garante que a sua garrafa é, literalmente, a única no mundo com aquele rosto.</p><p>Numerada manualmente, esta é uma edição limitada e exclusiva. Não haverá reedição. Quando esta tiragem acabar, acaba mesmo — e a sua garrafa passa a ser, também ela, uma peça de coleção.</p><p><em>Autêntica e única. Como você.</em></p><h3>Ficha técnica</h3><ul><li>Tipo de bebida: Absinto</li><li>Volume: 70 cl</li><li>Grau alcoólico: 80%</li><li>Edição: Limitada — numerada à mão</li><li>Técnica da garrafa: Acrílico, esmalte, óleo, spray, silicone</li><li>Artista: Shazequin</li></ul><p><strong>Confirmação de idade obrigatória antes da compra. Venda proibida a menores de 18 anos. Consuma com responsabilidade.</strong></p>",KULTU by Shazequin,Absinto,"kultu, absinto, edição limitada, peça única, pintado à mão",FALSE,Title,Default Title,KULTU-147,shopify,1,deny,manual,0.00,TRUE,TRUE,https://raw.githubusercontent.com/antonio-p-sousa/expand/main/assets/produtos/kultu-147.jpg,1,"Garrafa KULTU by Shazequin N.º 147 — absinto de edição limitada, caveira pintada à mão",draft,147,"[LENDA — texto próprio desta caveira, opcional]"
kultu-148,KULTU N.º 148,"<p><em>Cada caveira é uma obra de arte. Cada garrafa, um brinde à vida. Absinto de edição limitada, assinado por Shazequin.</em></p><p>Esta garrafa não saiu de uma linha de produção — saiu das mãos de Shazequin.</p><p>Inspirada no Día de Los Muertos, a caveira Kultu não celebra a morte: celebra a memória, a alegria e a vida que continua. Cada peça é pintada individualmente à mão, com técnica mista — acrílico, esmalte, óleo e spray, contorno de silicone e uma seleção própria de acessórios — o que garante que a sua garrafa é, literalmente, a única no mundo com aquele rosto.</p><p>Numerada manualmente, esta é uma edição limitada e exclusiva. Não haverá reedição. Quando esta tiragem acabar, acaba mesmo — e a sua garrafa passa a ser, também ela, uma peça de coleção.</p><p><em>Autêntica e única. Como você.</em></p><h3>Ficha técnica</h3><ul><li>Tipo de bebida: Absinto</li><li>Volume: 70 cl</li><li>Grau alcoólico: 80%</li><li>Edição: Limitada — numerada à mão</li><li>Técnica da garrafa: Acrílico, esmalte, óleo, spray, silicone</li><li>Artista: Shazequin</li></ul><p><strong>Confirmação de idade obrigatória antes da compra. Venda proibida a menores de 18 anos. Consuma com responsabilidade.</strong></p>",KULTU by Shazequin,Absinto,"kultu, absinto, edição limitada, peça única, pintado à mão",FALSE,Title,Default Title,KULTU-148,shopify,1,deny,manual,0.00,TRUE,TRUE,https://raw.githubusercontent.com/antonio-p-sousa/expand/main/assets/produtos/kultu-148.jpg,1,"Garrafa KULTU by Shazequin N.º 148 — absinto de edição limitada, caveira pintada à mão",draft,148,"[LENDA — texto próprio desta caveira, opcional]"
kultu-149,KULTU N.º 149,"<p><em>Cada caveira é uma obra de arte. Cada garrafa, um brinde à vida. Absinto de edição limitada, assinado por Shazequin.</em></p><p>Esta garrafa não saiu de uma linha de produção — saiu das mãos de Shazequin.</p><p>Inspirada no Día de Los Muertos, a caveira Kultu não celebra a morte: celebra a memória, a alegria e a vida que continua. Cada peça é pintada individualmente à mão, com técnica mista — acrílico, esmalte, óleo e spray, contorno de silicone e uma seleção própria de acessórios — o que garante que a sua garrafa é, literalmente, a única no mundo com aquele rosto.</p><p>Numerada manualmente, esta é uma edição limitada e exclusiva. Não haverá reedição. Quando esta tiragem acabar, acaba mesmo — e a sua garrafa passa a ser, também ela, uma peça de coleção.</p><p><em>Autêntica e única. Como você.</em></p><h3>Ficha técnica</h3><ul><li>Tipo de bebida: Absinto</li><li>Volume: 70 cl</li><li>Grau alcoólico: 80%</li><li>Edição: Limitada — numerada à mão</li><li>Técnica da garrafa: Acrílico, esmalte, óleo, spray, silicone</li><li>Artista: Shazequin</li></ul><p><strong>Confirmação de idade obrigatória antes da compra. Venda proibida a menores de 18 anos. Consuma com responsabilidade.</strong></p>",KULTU by Shazequin,Absinto,"kultu, absinto, edição limitada, peça única, pintado à mão",FALSE,Title,Default Title,KULTU-149,shopify,1,deny,manual,0.00,TRUE,TRUE,https://raw.githubusercontent.com/antonio-p-sousa/expand/main/assets/produtos/kultu-149.jpg,1,"Garrafa KULTU by Shazequin N.º 149 — absinto de edição limitada, caveira pintada à mão",draft,149,"[LENDA — texto próprio desta caveira, opcional]"
kultu-150,KULTU N.º 150,"<p><em>Cada caveira é uma obra de arte. Cada garrafa, um brinde à vida. Absinto de edição limitada, assinado por Shazequin.</em></p><p>Esta garrafa não saiu de uma linha de produção — saiu das mãos de Shazequin.</p><p>Inspirada no Día de Los Muertos, a caveira Kultu não celebra a morte: celebra a memória, a alegria e a vida que continua. Cada peça é pintada individualmente à mão, com técnica mista — acrílico, esmalte, óleo e spray, contorno de silicone e uma seleção própria de acessórios — o que garante que a sua garrafa é, literalmente, a única no mundo com aquele rosto.</p><p>Numerada manualmente, esta é uma edição limitada e exclusiva. Não haverá reedição. Quando esta tiragem acabar, acaba mesmo — e a sua garrafa passa a ser, também ela, uma peça de coleção.</p><p><em>Autêntica e única. Como você.</em></p><h3>Ficha técnica</h3><ul><li>Tipo de bebida: Absinto</li><li>Volume: 70 cl</li><li>Grau alcoólico: 80%</li><li>Edição: Limitada — numerada à mão</li><li>Técnica da garrafa: Acrílico, esmalte, óleo, spray, silicone</li><li>Artista: Shazequin</li></ul><p><strong>Confirmação de idade obrigatória antes da compra. Venda proibida a menores de 18 anos. Consuma com responsabilidade.</strong></p>",KULTU by Shazequin,Absinto,"kultu, absinto, edição limitada, peça única, pintado à mão",FALSE,Title,Default Title,KULTU-150,shopify,1,deny,manual,0.00,TRUE,TRUE,https://raw.githubusercontent.com/antonio-p-sousa/expand/main/assets/produtos/kultu-150.jpg,1,"Garrafa KULTU by Shazequin N.º 150 — absinto de edição limitada, caveira pintada à mão",draft,150,"[LENDA — texto próprio desta caveira, opcional]"
kultu-151,KULTU N.º 151,"<p><em>Cada caveira é uma obra de arte. Cada garrafa, um brinde à vida. Absinto de edição limitada, assinado por Shazequin.</em></p><p>Esta garrafa não saiu de uma linha de produção — saiu das mãos de Shazequin.</p><p>Inspirada no Día de Los Muertos, a caveira Kultu não celebra a morte: celebra a memória, a alegria e a vida que continua. Cada peça é pintada individualmente à mão, com técnica mista — acrílico, esmalte, óleo e spray, contorno de silicone e uma seleção própria de acessórios — o que garante que a sua garrafa é, literalmente, a única no mundo com aquele rosto.</p><p>Numerada manualmente, esta é uma edição limitada e exclusiva. Não haverá reedição. Quando esta tiragem acabar, acaba mesmo — e a sua garrafa passa a ser, também ela, uma peça de coleção.</p><p><em>Autêntica e única. Como você.</em></p><h3>Ficha técnica</h3><ul><li>Tipo de bebida: Absinto</li><li>Volume: 70 cl</li><li>Grau alcoólico: 80%</li><li>Edição: Limitada — numerada à mão</li><li>Técnica da garrafa: Acrílico, esmalte, óleo, spray, silicone</li><li>Artista: Shazequin</li></ul><p><strong>Confirmação de idade obrigatória antes da compra. Venda proibida a menores de 18 anos. Consuma com responsabilidade.</strong></p>",KULTU by Shazequin,Absinto,"kultu, absinto, edição limitada, peça única, pintado à mão",FALSE,Title,Default Title,KULTU-151,shopify,1,deny,manual,0.00,TRUE,TRUE,https://raw.githubusercontent.com/antonio-p-sousa/expand/main/assets/produtos/kultu-151.jpg,1,"Garrafa KULTU by Shazequin N.º 151 — absinto de edição limitada, caveira pintada à mão",draft,151,"[LENDA — texto próprio desta caveira, opcional]"
kultu-152,KULTU N.º 152,"<p><em>Cada caveira é uma obra de arte. Cada garrafa, um brinde à vida. Absinto de edição limitada, assinado por Shazequin.</em></p><p>Esta garrafa não saiu de uma linha de produção — saiu das mãos de Shazequin.</p><p>Inspirada no Día de Los Muertos, a caveira Kultu não celebra a morte: celebra a memória, a alegria e a vida que continua. Cada peça é pintada individualmente à mão, com técnica mista — acrílico, esmalte, óleo e spray, contorno de silicone e uma seleção própria de acessórios — o que garante que a sua garrafa é, literalmente, a única no mundo com aquele rosto.</p><p>Numerada manualmente, esta é uma edição limitada e exclusiva. Não haverá reedição. Quando esta tiragem acabar, acaba mesmo — e a sua garrafa passa a ser, também ela, uma peça de coleção.</p><p><em>Autêntica e única. Como você.</em></p><h3>Ficha técnica</h3><ul><li>Tipo de bebida: Absinto</li><li>Volume: 70 cl</li><li>Grau alcoólico: 80%</li><li>Edição: Limitada — numerada à mão</li><li>Técnica da garrafa: Acrílico, esmalte, óleo, spray, silicone</li><li>Artista: Shazequin</li></ul><p><strong>Confirmação de idade obrigatória antes da compra. Venda proibida a menores de 18 anos. Consuma com responsabilidade.</strong></p>",KULTU by Shazequin,Absinto,"kultu, absinto, edição limitada, peça única, pintado à mão",FALSE,Title,Default Title,KULTU-152,shopify,1,deny,manual,0.00,TRUE,TRUE,https://raw.githubusercontent.com/antonio-p-sousa/expand/main/assets/produtos/kultu-152.jpg,1,"Garrafa KULTU by Shazequin N.º 152 — absinto de edição limitada, caveira pintada à mão",draft,152,"[LENDA — texto próprio desta caveira, opcional]"
kultu-153,KULTU N.º 153,"<p><em>Cada caveira é uma obra de arte. Cada garrafa, um brinde à vida. Absinto de edição limitada, assinado por Shazequin.</em></p><p>Esta garrafa não saiu de uma linha de produção — saiu das mãos de Shazequin.</p><p>Inspirada no Día de Los Muertos, a caveira Kultu não celebra a morte: celebra a memória, a alegria e a vida que continua. Cada peça é pintada individualmente à mão, com técnica mista — acrílico, esmalte, óleo e spray, contorno de silicone e uma seleção própria de acessórios — o que garante que a sua garrafa é, literalmente, a única no mundo com aquele rosto.</p><p>Numerada manualmente, esta é uma edição limitada e exclusiva. Não haverá reedição. Quando esta tiragem acabar, acaba mesmo — e a sua garrafa passa a ser, também ela, uma peça de coleção.</p><p><em>Autêntica e única. Como você.</em></p><h3>Ficha técnica</h3><ul><li>Tipo de bebida: Absinto</li><li>Volume: 70 cl</li><li>Grau alcoólico: 80%</li><li>Edição: Limitada — numerada à mão</li><li>Técnica da garrafa: Acrílico, esmalte, óleo, spray, silicone</li><li>Artista: Shazequin</li></ul><p><strong>Confirmação de idade obrigatória antes da compra. Venda proibida a menores de 18 anos. Consuma com responsabilidade.</strong></p>",KULTU by Shazequin,Absinto,"kultu, absinto, edição limitada, peça única, pintado à mão",FALSE,Title,Default Title,KULTU-153,shopify,1,deny,manual,0.00,TRUE,TRUE,https://raw.githubusercontent.com/antonio-p-sousa/expand/main/assets/produtos/kultu-153.jpg,1,"Garrafa KULTU by Shazequin N.º 153 — absinto de edição limitada, caveira pintada à mão",draft,153,"[LENDA — texto próprio desta caveira, opcional]"
kultu-154,KULTU N.º 154,"<p><em>Cada caveira é uma obra de arte. Cada garrafa, um brinde à vida. Absinto de edição limitada, assinado por Shazequin.</em></p><p>Esta garrafa não saiu de uma linha de produção — saiu das mãos de Shazequin.</p><p>Inspirada no Día de Los Muertos, a caveira Kultu não celebra a morte: celebra a memória, a alegria e a vida que continua. Cada peça é pintada individualmente à mão, com técnica mista — acrílico, esmalte, óleo e spray, contorno de silicone e uma seleção própria de acessórios — o que garante que a sua garrafa é, literalmente, a única no mundo com aquele rosto.</p><p>Numerada manualmente, esta é uma edição limitada e exclusiva. Não haverá reedição. Quando esta tiragem acabar, acaba mesmo — e a sua garrafa passa a ser, também ela, uma peça de coleção.</p><p><em>Autêntica e única. Como você.</em></p><h3>Ficha técnica</h3><ul><li>Tipo de bebida: Absinto</li><li>Volume: 70 cl</li><li>Grau alcoólico: 80%</li><li>Edição: Limitada — numerada à mão</li><li>Técnica da garrafa: Acrílico, esmalte, óleo, spray, silicone</li><li>Artista: Shazequin</li></ul><p><strong>Confirmação de idade obrigatória antes da compra. Venda proibida a menores de 18 anos. Consuma com responsabilidade.</strong></p>",KULTU by Shazequin,Absinto,"kultu, absinto, edição limitada, peça única, pintado à mão",FALSE,Title,Default Title,KULTU-154,shopify,1,deny,manual,0.00,TRUE,TRUE,https://raw.githubusercontent.com/antonio-p-sousa/expand/main/assets/produtos/kultu-154.jpg,1,"Garrafa KULTU by Shazequin N.º 154 — absinto de edição limitada, caveira pintada à mão",draft,154,"[LENDA — texto próprio desta caveira, opcional]"
kultu-155,KULTU N.º 155,"<p><em>Cada caveira é uma obra de arte. Cada garrafa, um brinde à vida. Absinto de edição limitada, assinado por Shazequin.</em></p><p>Esta garrafa não saiu de uma linha de produção — saiu das mãos de Shazequin.</p><p>Inspirada no Día de Los Muertos, a caveira Kultu não celebra a morte: celebra a memória, a alegria e a vida que continua. Cada peça é pintada individualmente à mão, com técnica mista — acrílico, esmalte, óleo e spray, contorno de silicone e uma seleção própria de acessórios — o que garante que a sua garrafa é, literalmente, a única no mundo com aquele rosto.</p><p>Numerada manualmente, esta é uma edição limitada e exclusiva. Não haverá reedição. Quando esta tiragem acabar, acaba mesmo — e a sua garrafa passa a ser, também ela, uma peça de coleção.</p><p><em>Autêntica e única. Como você.</em></p><h3>Ficha técnica</h3><ul><li>Tipo de bebida: Absinto</li><li>Volume: 70 cl</li><li>Grau alcoólico: 80%</li><li>Edição: Limitada — numerada à mão</li><li>Técnica da garrafa: Acrílico, esmalte, óleo, spray, silicone</li><li>Artista: Shazequin</li></ul><p><strong>Confirmação de idade obrigatória antes da compra. Venda proibida a menores de 18 anos. Consuma com responsabilidade.</strong></p>",KULTU by Shazequin,Absinto,"kultu, absinto, edição limitada, peça única, pintado à mão",FALSE,Title,Default Title,KULTU-155,shopify,1,deny,manual,0.00,TRUE,TRUE,https://raw.githubusercontent.com/antonio-p-sousa/expand/main/assets/produtos/kultu-155.jpg,1,"Garrafa KULTU by Shazequin N.º 155 — absinto de edição limitada, caveira pintada à mão",draft,155,"[LENDA — texto próprio desta caveira, opcional]"
kultu-156,KULTU N.º 156,"<p><em>Cada caveira é uma obra de arte. Cada garrafa, um brinde à vida. Absinto de edição limitada, assinado por Shazequin.</em></p><p>Esta garrafa não saiu de uma linha de produção — saiu das mãos de Shazequin.</p><p>Inspirada no Día de Los Muertos, a caveira Kultu não celebra a morte: celebra a memória, a alegria e a vida que continua. Cada peça é pintada individualmente à mão, com técnica mista — acrílico, esmalte, óleo e spray, contorno de silicone e uma seleção própria de acessórios — o que garante que a sua garrafa é, literalmente, a única no mundo com aquele rosto.</p><p>Numerada manualmente, esta é uma edição limitada e exclusiva. Não haverá reedição. Quando esta tiragem acabar, acaba mesmo — e a sua garrafa passa a ser, também ela, uma peça de coleção.</p><p><em>Autêntica e única. Como você.</em></p><h3>Ficha técnica</h3><ul><li>Tipo de bebida: Absinto</li><li>Volume: 70 cl</li><li>Grau alcoólico: 80%</li><li>Edição: Limitada — numerada à mão</li><li>Técnica da garrafa: Acrílico, esmalte, óleo, spray, silicone</li><li>Artista: Shazequin</li></ul><p><strong>Confirmação de idade obrigatória antes da compra. Venda proibida a menores de 18 anos. Consuma com responsabilidade.</strong></p>",KULTU by Shazequin,Absinto,"kultu, absinto, edição limitada, peça única, pintado à mão",FALSE,Title,Default Title,KULTU-156,shopify,1,deny,manual,0.00,TRUE,TRUE,https://raw.githubusercontent.com/antonio-p-sousa/expand/main/assets/produtos/kultu-156.jpg,1,"Garrafa KULTU by Shazequin N.º 156 — absinto de edição limitada, caveira pintada à mão",draft,156,"[LENDA — texto próprio desta caveira, opcional]"
kultu-157,KULTU N.º 157,"<p><em>Cada caveira é uma obra de arte. Cada garrafa, um brinde à vida. Absinto de edição limitada, assinado por Shazequin.</em></p><p>Esta garrafa não saiu de uma linha de produção — saiu das mãos de Shazequin.</p><p>Inspirada no Día de Los Muertos, a caveira Kultu não celebra a morte: celebra a memória, a alegria e a vida que continua. Cada peça é pintada individualmente à mão, com técnica mista — acrílico, esmalte, óleo e spray, contorno de silicone e uma seleção própria de acessórios — o que garante que a sua garrafa é, literalmente, a única no mundo com aquele rosto.</p><p>Numerada manualmente, esta é uma edição limitada e exclusiva. Não haverá reedição. Quando esta tiragem acabar, acaba mesmo — e a sua garrafa passa a ser, também ela, uma peça de coleção.</p><p><em>Autêntica e única. Como você.</em></p><h3>Ficha técnica</h3><ul><li>Tipo de bebida: Absinto</li><li>Volume: 70 cl</li><li>Grau alcoólico: 80%</li><li>Edição: Limitada — numerada à mão</li><li>Técnica da garrafa: Acrílico, esmalte, óleo, spray, silicone</li><li>Artista: Shazequin</li></ul><p><strong>Confirmação de idade obrigatória antes da compra. Venda proibida a menores de 18 anos. Consuma com responsabilidade.</strong></p>",KULTU by Shazequin,Absinto,"kultu, absinto, edição limitada, peça única, pintado à mão",FALSE,Title,Default Title,KULTU-157,shopify,1,deny,manual,0.00,TRUE,TRUE,https://raw.githubusercontent.com/antonio-p-sousa/expand/main/assets/produtos/kultu-157.jpg,1,"Garrafa KULTU by Shazequin N.º 157 — absinto de edição limitada, caveira pintada à mão",draft,157,"[LENDA — texto próprio desta caveira, opcional]"
kultu-158,KULTU N.º 158,"<p><em>Cada caveira é uma obra de arte. Cada garrafa, um brinde à vida. Absinto de edição limitada, assinado por Shazequin.</em></p><p>Esta garrafa não saiu de uma linha de produção — saiu das mãos de Shazequin.</p><p>Inspirada no Día de Los Muertos, a caveira Kultu não celebra a morte: celebra a memória, a alegria e a vida que continua. Cada peça é pintada individualmente à mão, com técnica mista — acrílico, esmalte, óleo e spray, contorno de silicone e uma seleção própria de acessórios — o que garante que a sua garrafa é, literalmente, a única no mundo com aquele rosto.</p><p>Numerada manualmente, esta é uma edição limitada e exclusiva. Não haverá reedição. Quando esta tiragem acabar, acaba mesmo — e a sua garrafa passa a ser, também ela, uma peça de coleção.</p><p><em>Autêntica e única. Como você.</em></p><h3>Ficha técnica</h3><ul><li>Tipo de bebida: Absinto</li><li>Volume: 70 cl</li><li>Grau alcoólico: 80%</li><li>Edição: Limitada — numerada à mão</li><li>Técnica da garrafa: Acrílico, esmalte, óleo, spray, silicone</li><li>Artista: Shazequin</li></ul><p><strong>Confirmação de idade obrigatória antes da compra. Venda proibida a menores de 18 anos. Consuma com responsabilidade.</strong></p>",KULTU by Shazequin,Absinto,"kultu, absinto, edição limitada, peça única, pintado à mão",FALSE,Title,Default Title,KULTU-158,shopify,1,deny,manual,0.00,TRUE,TRUE,https://raw.githubusercontent.com/antonio-p-sousa/expand/main/assets/produtos/kultu-158.jpg,1,"Garrafa KULTU by Shazequin N.º 158 — absinto de edição limitada, caveira pintada à mão",draft,158,"[LENDA — texto próprio desta caveira, opcional]"
kultu-159,KULTU N.º 159,"<p><em>Cada caveira é uma obra de arte. Cada garrafa, um brinde à vida. Absinto de edição limitada, assinado por Shazequin.</em></p><p>Esta garrafa não saiu de uma linha de produção — saiu das mãos de Shazequin.</p><p>Inspirada no Día de Los Muertos, a caveira Kultu não celebra a morte: celebra a memória, a alegria e a vida que continua. Cada peça é pintada individualmente à mão, com técnica mista — acrílico, esmalte, óleo e spray, contorno de silicone e uma seleção própria de acessórios — o que garante que a sua garrafa é, literalmente, a única no mundo com aquele rosto.</p><p>Numerada manualmente, esta é uma edição limitada e exclusiva. Não haverá reedição. Quando esta tiragem acabar, acaba mesmo — e a sua garrafa passa a ser, também ela, uma peça de coleção.</p><p><em>Autêntica e única. Como você.</em></p><h3>Ficha técnica</h3><ul><li>Tipo de bebida: Absinto</li><li>Volume: 70 cl</li><li>Grau alcoólico: 80%</li><li>Edição: Limitada — numerada à mão</li><li>Técnica da garrafa: Acrílico, esmalte, óleo, spray, silicone</li><li>Artista: Shazequin</li></ul><p><strong>Confirmação de idade obrigatória antes da compra. Venda proibida a menores de 18 anos. Consuma com responsabilidade.</strong></p>",KULTU by Shazequin,Absinto,"kultu, absinto, edição limitada, peça única, pintado à mão",FALSE,Title,Default Title,KULTU-159,shopify,1,deny,manual,0.00,TRUE,TRUE,https://raw.githubusercontent.com/antonio-p-sousa/expand/main/assets/produtos/kultu-159.jpg,1,"Garrafa KULTU by Shazequin N.º 159 — absinto de edição limitada, caveira pintada à mão",draft,159,"[LENDA — texto próprio desta caveira, opcional]"
kultu-160,KULTU N.º 160,"<p><em>Cada caveira é uma obra de arte. Cada garrafa, um brinde à vida. Absinto de edição limitada, assinado por Shazequin.</em></p><p>Esta garrafa não saiu de uma linha de produção — saiu das mãos de Shazequin.</p><p>Inspirada no Día de Los Muertos, a caveira Kultu não celebra a morte: celebra a memória, a alegria e a vida que continua. Cada peça é pintada individualmente à mão, com técnica mista — acrílico, esmalte, óleo e spray, contorno de silicone e uma seleção própria de acessórios — o que garante que a sua garrafa é, literalmente, a única no mundo com aquele rosto.</p><p>Numerada manualmente, esta é uma edição limitada e exclusiva. Não haverá reedição. Quando esta tiragem acabar, acaba mesmo — e a sua garrafa passa a ser, também ela, uma peça de coleção.</p><p><em>Autêntica e única. Como você.</em></p><h3>Ficha técnica</h3><ul><li>Tipo de bebida: Absinto</li><li>Volume: 70 cl</li><li>Grau alcoólico: 80%</li><li>Edição: Limitada — numerada à mão</li><li>Técnica da garrafa: Acrílico, esmalte, óleo, spray, silicone</li><li>Artista: Shazequin</li></ul><p><strong>Confirmação de idade obrigatória antes da compra. Venda proibida a menores de 18 anos. Consuma com responsabilidade.</strong></p>",KULTU by Shazequin,Absinto,"kultu, absinto, edição limitada, peça única, pintado à mão",FALSE,Title,Default Title,KULTU-160,shopify,1,deny,manual,0.00,TRUE,TRUE,https://raw.githubusercontent.com/antonio-p-sousa/expand/main/assets/produtos/kultu-160.jpg,1,"Garrafa KULTU by Shazequin N.º 160 — absinto de edição limitada, caveira pintada à mão",draft,160,"[LENDA — texto próprio desta caveira, opcional]"
